heliostat_id,timestamp,sample_id,sun_elevation,sun_azimuth,axis_1_motor_position,axis_2_motor_position,target_name,heliostat_lat,heliostat_lon,heliostat_alt,focal_spot_lat,focal_spot_lon,focal_spot_alt,target_center_lat,target_center_lon,target_center_alt,tracking_error_lat,tracking_error_lon,tracking_error_alt
AB26,2022-04-28T10:25:05Z,100000,50.90288345509451,26.2379865230284,29415,18685,solar_tower_juelich_upper,50.91368730735788,6.38720057187106,88.57810211,50.913392025033815,6.387824227395478,129.64042354564427,50.91339203683997,6.387824563513243,130.09766666666667,-1.180615782914174e-08,-3.361177656202585e-07,-0.457243121022401
AB26,2022-04-28T15:49:28Z,100929,27.138270417272786,-79.014626606285,29486,48019,solar_tower_juelich_lower,50.91368730735788,6.38720057187106,88.57810211,50.91339201568783,6.387828696377067,123.15169332970513,50.91339203683997,6.387824563513243,122.8815,-2.1152146700842426e-08,4.132863823613775e-06,0.2701933297051226
AB26,2022-05-03T13:34:12Z,101973,47.11972292273756,-46.23489794655439,31313,35943,solar_tower_juelich_lower,50.91368730735788,6.38720057187106,88.57810211,50.91339202034128,6.3878270915311735,123.12734706145152,50.91339203683997,6.387824563513243,122.8815,-1.6498688637511805e-08,2.528017930103488e-06,0.2458470614515135
AB26,2022-05-03T15:15:41Z,102688,33.37207056912352,-72.93625344035839,29594,45073,solar_tower_juelich_lower,50.91368730735788,6.38720057187106,88.57810211,50.91339201927093,6.387827442046569,123.1466100745665,50.91339203683997,6.387824563513243,122.8815,-1.7569043109233462e-08,2.878533325478827e-06,0.2651100745664934
AB26,2022-05-03T16:29:48Z,103229,21.900089038330453,-88.37271378078115,26526,51095,solar_tower_juelich_lower,50.91368730735788,6.38720057187106,88.57810211,50.91339201534477,6.387828713448333,123.23236436044968,50.91339203683997,6.387824563513243,122.8815,-2.1495203839094763e-08,4.149935089792223e-06,0.3508643604496768
AB26,2022-05-04T13:27:18Z,104403,48.13806150932437,-44.28396908714578,29424,36579,solar_tower_juelich_upper,50.91368730735788,6.38720057187106,88.57810211,50.91339202481385,6.387824562625555,129.75089614785384,50.91339203683997,6.387824563513243,130.09766666666667,-1.2026120543850992e-08,-8.876881452124508e-10,-0.346770518812832
AB26,2022-05-06T13:07:12Z,107856,50.7146731355814,-38.02423876832747,31036,33389,solar_tower_juelich_lower,50.91368730735788,6.38720057187106,88.57810211,50.91339201957284,6.387827332599152,123.1489932507414,50.91339203683997,6.387824563513243,122.8815,-1.7267133500808995e-08,2.7690859090157005e-06,0.2674932507413956
AB26,2022-05-20T09:40:43Z,113186,52.27150675929734,45.277817191906536,27293,13340,solar_tower_juelich_lower,50.91368730735788,6.38720057187106,88.57810211,50.91339203260788,6.387823248086764,122.8196356485124,50.91339203683997,6.387824563513243,122.8815,-4.232092010170163e-09,-1.3154264797421431e-06,-0.0618643514875998
AB26,2022-06-02T08:44:00Z,115779,46.59441928324063,64.60032016279301,22265,9510,solar_tower_juelich_upper,50.91368730735788,6.38720057187106,88.57810211,50.91339203232349,6.387819611396822,129.22820327496822,50.91339203683997,6.387824563513243,130.09766666666667,-4.516479634730785e-09,-4.952116420930963e-06,-0.8694633916984458
AB26,2022-06-02T13:46:56Z,116944,51.24613407396083,-54.92172363517505,26024,37968,solar_tower_juelich_upper,50.91368730735788,6.38720057187106,88.57810211,50.913392024764086,6.387824974553083,129.9431810848326,50.91339203683997,6.387824563513243,130.09766666666667,-1.207588695706363e-08,4.110398394985282e-07,-0.1544855818340806
AB26,2022-06-02T16:39:27Z,118075,25.35799523132816,-94.68563082557604,18891,51516,solar_tower_juelich_upper,50.91368730735788,6.38720057187106,88.57810211,50.91339202141808,6.38782715708061,130.080055774831,50.91339203683997,6.387824563513243,130.09766666666667,-1.542189664860416e-08,2.5935673670929305e-06,-0.017610891835659
AB26,2022-06-14T12:56:54Z,121149,58.12376591076428,-37.58909744571493,27721,31895,solar_tower_juelich_lower,50.91368730735788,6.38720057187106,88.57810211,50.91339202062985,6.387826977680788,123.13645813037658,50.91339203683997,6.387824563513243,122.8815,-1.6210123021664913e-08,2.414167544984025e-06,0.2549581303765791
AB26,2022-06-15T10:29:23Z,122340,59.62783723180281,30.83022324161391,24942,19398,solar_tower_juelich_upper,50.91368730735788,6.38720057187106,88.57810211,50.9133920239409,6.387824965976271,129.71154814790353,50.91339203683997,6.387824563513243,130.09766666666667,-1.2899072032723781e-08,4.024630273491425e-07,-0.3861185187631406
AB26,2022-06-15T17:09:31Z,123674,21.857600713990166,-100.58168368867456,15659,52896,solar_tower_juelich_upper,50.91368730735788,6.38720057187106,88.57810211,50.91339202393216,6.387825516377193,129.97915788873345,50.91339203683997,6.387824563513243,130.09766666666667,-1.2907811708373629e-08,9.52863949521543e-07,-0.118508777933215
AB26,2022-06-18T13:30:55Z,125188,54.62867358452474,-49.82247962322568,25688,36199,solar_tower_juelich_upper,50.91368730735788,6.38720057187106,88.57810211,50.91339202385611,6.387825318998727,129.86307263838438,50.91339203683997,6.387824563513243,130.09766666666667,-1.2983861097382032e-08,7.554854839497693e-07,-0.234594028282288
AB26,2022-06-22T08:51:24Z,126283,48.04498144542452,64.81612602698465,23507,8427,solar_tower_juelich_lower,50.91368730735788,6.38720057187106,88.57810211,50.91339203722356,6.387821749314647,122.75452633699145,50.91339203683997,6.387824563513243,122.8815,3.835864959000901e-10,-2.814198596823303e-06,-0.126973663008556
AB26,2022-06-22T12:43:20Z,127528,59.63420746738596,-31.45026355238344,27691,30482,solar_tower_juelich_lower,50.91368730735788,6.38720057187106,88.57810211,50.913392022567606,6.3878263240089685,123.11638979759934,50.91339203683997,6.387824563513243,122.8815,-1.4272366399836756e-08,1.7604957252004283e-06,0.2348897975993367
AB26,2022-06-23T08:47:54Z,129079,47.50621810644867,65.7952847419618,23333,8079,solar_tower_juelich_lower,50.91368730735788,6.38720057187106,88.57810211,50.91339203489081,6.387822484681248,122.80114007399663,50.91339203683997,6.387824563513243,122.8815,-1.949160832737107e-09,-2.078831995433461e-06,-0.0803599260033678
AB26,2022-06-30T08:40:14Z,131111,45.9779917961648,67.92864803301848,21210,8782,solar_tower_juelich_upper,50.91368730735788,6.38720057187106,88.57810211,50.91339202919655,6.387821677325706,129.47977091663304,50.91339203683997,6.387824563513243,130.09766666666667,-7.643421895409121e-09,-2.8861875369656782e-06,-0.6178957500336253
AB26,2022-06-30T12:32:54Z,131910,60.28595634064816,-26.01879859975969,26186,30723,solar_tower_juelich_upper,50.91368730735788,6.38720057187106,88.57810211,50.91339202400509,6.387825190761451,129.84089372506563,50.91339203683997,6.387824563513243,130.09766666666667,-1.2834888707402573e-08,6.272482080404984e-07,-0.2567729416010422
AB26,2022-07-01T13:55:12Z,132910,51.63964887442633,-56.41702238040455,25547,38123,solar_tower_juelich_upper,50.91368730735788,6.38720057187106,88.57810211,50.91339202645758,6.387823644661026,129.74536554146732,50.91339203683997,6.387824563513243,130.09766666666667,-1.0382393611507725e-08,-9.188522174241598e-07,-0.3523011251993466
AB26,2022-07-01T16:12:25Z,133327,31.14141149324112,-89.02502183959305,22798,47995,solar_tower_juelich_lower,50.91368730735788,6.38720057187106,88.57810211,50.91339202585748,6.387825154175828,123.12592471562527,50.91339203683997,6.387824563513243,122.8815,-1.0982496689848633e-08,5.906625846208158e-07,0.2444247156252714
AB26,2022-07-02T09:31:40Z,133952,52.87140028255682,53.26825939804821,25144,12017,solar_tower_juelich_lower,50.91368730735788,6.38720057187106,88.57810211,50.91339203110901,6.38782367590756,122.88160935264398,50.91339203683997,6.387824563513243,122.8815,-5.7309605949740225e-09,-8.876056831752521e-07,0.0001093526439746
AB26,2022-07-02T13:01:14Z,134776,57.83124984547157,-37.59166960004163,27848,31956,solar_tower_juelich_lower,50.91368730735788,6.38720057187106,88.57810211,50.91339202308988,6.387826170941411,123.09455285173505,50.91339203683997,6.387824563513243,122.8815,-1.3750096172771007e-08,1.6074281674605118e-06,0.2130528517350427
AB26,2022-07-02T15:10:02Z,135232,40.83931246125687,-75.8542953869603,25630,43183,solar_tower_juelich_lower,50.91368730735788,6.38720057187106,88.57810211,50.91339202595729,6.387825209226477,123.0632541078692,50.91339203683997,6.387824563513243,122.8815,-1.0882679646329052e-08,6.457132339932059e-07,0.181754107869196
AB26,2022-07-03T10:44:05Z,135926,60.08905426515827,25.859667344105112,25318,20418,solar_tower_juelich_upper,50.91368730735788,6.38720057187106,88.57810211,50.91339202476776,6.387824524005104,129.7182201614594,50.91339203683997,6.387824563513243,130.09766666666667,-1.2072213451119753e-08,-3.9508139870747534e-08,-0.3794465052072553
AB26,2022-07-03T13:54:38Z,136845,51.63717580904547,-55.99065648079322,25648,38047,solar_tower_juelich_upper,50.91368730735788,6.38720057187106,88.57810211,50.91339202679308,6.387823541741543,129.78919138609248,50.91339203683997,6.387824563513243,130.09766666666667,-1.0046896647963877e-08,-1.0217717001381743e-06,-0.3084752805741857
AB26,2022-07-03T16:52:11Z,137627,24.838249184235384,-96.39880856167804,17918,51780,solar_tower_juelich_upper,50.91368730735788,6.38720057187106,88.57810211,50.9133920234898,6.387825723178016,129.95905589165017,50.91339203683997,6.387824563513243,130.09766666666667,-1.3350174299375794e-08,1.1596647722100784e-06,-0.1386107750165024
AB26,2022-07-08T09:19:37Z,138795,50.71106566159067,56.79217112620357,24997,10696,solar_tower_juelich_lower,50.91368730735788,6.38720057187106,88.57810211,50.913392023569386,6.38782599747451,123.09821122186597,50.91339203683997,6.387824563513243,122.8815,-1.3270586407543306e-08,1.433961267061079e-06,0.2167112218659639
AB26,2022-07-12T09:48:49Z,139776,53.836291927426046,47.185895737415215,24450,14910,solar_tower_juelich_upper,50.91368730735788,6.38720057187106,88.57810211,50.91339202158412,6.387826676431054,129.90501763923558,50.91339203683997,6.387824563513243,130.09766666666667,-1.5255849916684383e-08,2.1129178104928314e-06,-0.1926490274310879
AB26,2022-07-12T12:41:21Z,140596,58.655002245674055,-28.06850585525597,26773,31340,solar_tower_juelich_upper,50.91368730735788,6.38720057187106,88.57810211,50.913392020686246,6.387827573187645,130.0801998617782,50.91339203683997,6.387824563513243,130.09766666666667,-1.6153727244727634e-08,3.0096744012553245e-06,-0.0174668048884711
AB26,2022-07-15T09:09:41Z,141544,48.48577777587831,59.10244467519089,23303,11090,solar_tower_juelich_upper,50.91368730735788,6.38720057187106,88.57810211,50.91339202188061,6.387826292741532,129.80324681598069,50.91339203683997,6.387824563513243,130.09766666666667,-1.4959361749333766e-08,1.7292282885605914e-06,-0.2944198506859834
AB26,2022-07-17T13:44:55Z,142733,51.60466540477044,-50.77751070890007,28491,35831,solar_tower_juelich_lower,50.91368730735788,6.38720057187106,88.57810211,50.91339201952153,6.3878273279766695,123.16583827943742,50.91339203683997,6.387824563513243,122.8815,-1.7318441791758232e-08,2.764463426174757e-06,0.2843382794374207
AB26,2022-08-02T08:10:34Z,149542,36.999897440756826,71.19152306633873,22546,4878,solar_tower_juelich_upper,50.91368730735788,6.38720057187106,88.57810211,50.91339199992716,6.387845521520304,131.67153127357858,50.91339203683997,6.387824563513243,130.09766666666667,-3.691281591500229e-08,2.095800706047868e-05,1.573864606911911
AB26,2022-08-02T09:53:16Z,149605,50.53421104220157,42.63482964009502,29344,13546,solar_tower_juelich_lower,50.91368730735788,6.38720057187106,88.57810211,50.91339203695159,6.387821442223452,123.0086580821363,50.91339203683997,6.387824563513243,122.8815,1.1161915836055414e-10,-3.121289791074844e-06,0.1271580821362903
AB26,2022-08-02T13:58:43Z,149617,46.9617875761268,-52.216639427869765,31003,37247,solar_tower_juelich_lower,50.91368730735788,6.38720057187106,88.57810211,50.91339203116661,6.3878237092606645,122.84574068421963,50.91339203683997,6.387824563513243,122.8815,-5.673364000813308e-09,-8.542525788968192e-07,-0.0357593157803677
AB26,2022-08-02T14:38:42Z,149637,41.62738024372021,-63.26400845057626,30223,40879,solar_tower_juelich_lower,50.91368730735788,6.38720057187106,88.57810211,50.91339201576825,6.387828342834545,123.40155061896384,50.91339203683997,6.387824563513243,122.8815,-2.1071720368581737e-08,3.77932130124492e-06,0.5200506189638361
AB26,2022-08-02T14:45:20Z,149648,40.68640404464269,-64.94921301424044,30193,41443,solar_tower_juelich_lower,50.91368730735788,6.38720057187106,88.57810211,50.91339202252985,6.387826351784659,123.1059340551964,50.91339203683997,6.387824563513243,122.8815,-1.4310124640815049e-08,1.7882714153927282e-06,0.2244340551963972
AB26,2022-08-02T14:51:07Z,149659,39.85549606300411,-66.38867987997565,30076,41952,solar_tower_juelich_lower,50.91368730735788,6.38720057187106,88.57810211,50.91339202187454,6.387826581747754,123.10609002898356,50.91339203683997,6.387824563513243,122.8815,-1.4965429784297157e-08,2.0182345110697497e-06,0.224590028983556
AB26,2022-08-07T13:48:32Z,151442,46.973653233990895,-48.29243360731818,31073,36477,solar_tower_juelich_lower,50.91368730735788,6.38720057187106,88.57810211,50.9133920416341,6.3878200406905865,122.86626276341022,50.91339203683997,6.387824563513243,122.8815,4.794124208729045e-09,-4.522822656838343e-06,-0.0152372365897832
AB26,2022-08-07T16:24:46Z,152154,24.453655456986525,-85.9640284057575,27378,49924,solar_tower_juelich_lower,50.91368730735788,6.38720057187106,88.57810211,50.91339205058296,6.3878180622360645,122.21338942581386,50.91339203683997,6.387824563513243,122.8815,1.374298363998605e-08,-6.501277178827536e-06,-0.6681105741861444
AB26,2022-08-12T13:35:56Z,157009,47.03098340237086,-43.59890501959303,32472,35375,solar_tower_juelich_lower,50.91368730735788,6.38720057187106,88.57810211,50.913392097368,6.3878045320761325,121.20471406420486,50.91339203683997,6.387824563513243,122.8815,6.052803058764766e-08,-2.0031437110823447e-05,-1.676785935795138
AB26,2022-08-12T14:32:15Z,157300,40.05720654118598,-59.77405050591667,31831,40581,solar_tower_juelich_lower,50.91368730735788,6.38720057187106,88.57810211,50.913392083313575,6.387808499723458,121.49720628111756,50.91339203683997,6.387824563513243,122.8815,4.6473601855723246e-08,-1.606378978546985e-05,-1.3842937188824465
AB26,2022-08-16T10:45:31Z,158306,51.23087734876916,20.933091229659748,29929,20164,solar_tower_juelich_upper,50.91368730735788,6.38720057187106,88.57810211,50.91339203681689,6.387818056245487,129.8360174582152,50.91339203683997,6.387824563513243,130.09766666666667,-2.308553348484565e-11,-6.507267756639124e-06,-0.2616492084514732
AB26,2022-08-23T08:03:48Z,159386,31.52600824104531,67.25435627667801,26189,3665,solar_tower_juelich_upper,50.91368730735788,6.38720057187106,88.57810211,50.9133920357158,6.387818248029965,129.5430948015138,50.91339203683997,6.387824563513243,130.09766666666667,-1.124170978528127e-09,-6.3154832785627946e-06,-0.5545718651528659
AB26,2022-08-23T12:27:27Z,160167,49.12268957116128,-19.053074475993256,31786,30744,solar_tower_juelich_upper,50.91368730735788,6.38720057187106,88.57810211,50.91339205515825,6.387808313659416,130.6125585654516,50.91339203683997,6.387824563513243,130.09766666666667,1.83182748969557e-08,-1.62498538269773e-05,0.5148918987849243
AB26,2022-08-29T11:25:56Z,161427,48.32050227463135,3.5171007341156253,33024,24213,solar_tower_juelich_upper,50.91368730735788,6.38720057187106,88.57810211,50.9133920519615,6.387808520014577,127.9658719056746,50.91339203683997,6.387824563513243,130.09766666666667,1.5121528917916294e-08,-1.6043498666462597e-05,-2.131794760992065
AB26,2022-08-30T15:00:54Z,161788,30.53498323606853,-63.76683866451188,34739,43828,solar_tower_juelich_lower,50.91368730735788,6.38720057187106,88.57810211,50.91339207352388,6.387811392073654,121.6637139511423,50.91339203683997,6.387824563513243,122.8815,3.668390746724981e-08,-1.317143958967648e-05,-1.217786048857704
AB26,2022-08-30T15:08:22Z,161798,29.470998844873627,-65.50566532992771,34622,44505,solar_tower_juelich_lower,50.91368730735788,6.38720057187106,88.57810211,50.91339207388498,6.3878111925693055,121.70528844604428,50.91339203683997,6.387824563513243,122.8815,3.704500528556309e-08,-1.3370943937829338e-05,-1.1762115539557243
AB26,2022-09-01T11:56:46Z,162408,47.03166415209596,-8.102990714933082,35648,26090,solar_tower_juelich_lower,50.91368730735788,6.38720057187106,88.57810211,50.91339208709584,6.387807820132808,121.22451102249656,50.91339203683997,6.387824563513243,122.8815,5.02558634707384e-08,-1.6743380435890742e-05,-1.6569889775034454
AB26,2022-09-01T13:46:02Z,162432,39.37356983690578,-44.04819064707669,35810,36884,solar_tower_juelich_lower,50.91368730735788,6.38720057187106,88.57810211,50.91339208472313,6.387808385310927,121.32611143920258,50.91339203683997,6.387824563513243,122.8815,4.788315521864207e-08,-1.617820231647471e-05,-1.5553885607974252
AB26,2022-09-01T13:59:10Z,162456,37.88482489032476,-47.7463092963901,35751,38141,solar_tower_juelich_lower,50.91368730735788,6.38720057187106,88.57810211,50.91339208327082,6.387808771949604,121.36918777203267,50.91339203683997,6.387824563513243,122.8815,4.6430848499312574e-08,-1.5791563638956063e-05,-1.5123122279673282
AB26,2022-09-01T14:03:41Z,162466,37.35200983062178,-48.98656238325999,35496,38578,solar_tower_juelich_lower,50.91368730735788,6.38720057187106,88.57810211,50.91339205942028,6.387815412223761,122.02634057316402,50.91339203683997,6.387824563513243,122.8815,2.25803091780108e-08,-9.151289482645096e-06,-0.8551594268359821
AB26,2022-09-01T14:57:49Z,162669,30.28712408836705,-62.712520447329744,35003,43613,solar_tower_juelich_lower,50.91368730735788,6.38720057187106,88.57810211,50.91339205213077,6.387817647559137,122.14975338094902,50.91339203683997,6.387824563513243,122.8815,1.5290801513856422e-08,-6.915954106290201e-06,-0.7317466190509805
AB26,2022-09-02T10:27:22Z,163510,44.771997698427455,23.638902675643905,32698,18256,solar_tower_juelich_upper,50.91368730735788,6.38720057187106,88.57810211,50.91339203262263,6.387819193347863,129.047642198594,50.91339203683997,6.387824563513243,130.09766666666667,-4.2173411429757834e-09,-5.370165379936509e-06,-1.050024468072678
AB26,2022-09-04T11:26:27Z,164786,46.164780398821065,2.52922293921505,33831,24359,solar_tower_juelich_upper,50.91368730735788,6.38720057187106,88.57810211,50.91339203432212,6.387818087438803,128.8814997837668,50.91339203683997,6.387824563513243,130.09766666666667,-2.5178579221574182e-09,-6.476074440264767e-06,-1.21616688289987
AB26,2022-09-06T10:17:56Z,165798,42.81790563366784,25.782333719921468,33300,17328,solar_tower_juelich_upper,50.91368730735788,6.38720057187106,88.57810211,50.91339203860007,6.387815993001858,128.9722115171723,50.91339203683997,6.387824563513243,130.09766666666667,1.760099621606059e-09,-8.570511385030954e-06,-1.1254551494943712
AB26,2022-09-29T10:13:24Z,167097,34.48920840199072,21.803021330407763,37764,17193,solar_tower_juelich_upper,50.91368730735788,6.38720057187106,88.57810211,50.91339203372379,6.387817996967228,128.57632221709264,50.91339203683997,6.387824563513243,130.09766666666667,-3.116184643658925e-09,-6.5665460153852e-06,-1.5213444495740305
AB26,2022-10-04T10:06:35Z,168274,32.30048196475007,22.7644232447376,38332,16514,solar_tower_juelich_upper,50.91368730735788,6.38720057187106,88.57810211,50.91339201275439,6.387831390349707,129.81704942430386,50.91339203683997,6.387824563513243,130.09766666666667,-2.408557975286385e-08,6.826836463247332e-06,-0.2806172423628084
AB26,2022-10-10T09:58:53Z,171529,29.71446043875243,23.772139357392504,39365,15760,solar_tower_juelich_upper,50.91368730735788,6.38720057187106,88.57810211,50.91339201244148,6.387831523691922,129.80132309297994,50.91339203683997,6.387824563513243,130.09766666666667,-2.439849566826524e-08,6.960178678738771e-06,-0.2963435736867268
AB26,2022-10-11T14:12:34Z,172796,21.261869453505007,-46.376284017280206,41112,41583,solar_tower_juelich_upper,50.91368730735788,6.38720057187106,88.57810211,50.913392033568265,6.387819718497099,129.7437652844667,50.91339203683997,6.387824563513243,130.09766666666667,-3.271708237662096e-09,-4.845016144727765e-06,-0.3539013821999788
AB26,2022-10-21T11:49:02Z,174052,27.98842499688049,-8.334122399086457,44350,25928,solar_tower_juelich_lower,50.91368730735788,6.38720057187106,88.57810211,50.913392023284416,6.387827776963522,121.82878025178064,50.91339203683997,6.387824563513243,122.8815,-1.3555556677147253e-08,3.213450278316543e-06,-1.05271974821936
AB26,2022-10-21T13:15:50Z,174102,23.31128652397529,-31.43347206760216,44913,34766,solar_tower_juelich_lower,50.91368730735788,6.38720057187106,88.57810211,50.91339205491489,6.387816875975188,122.05344608064976,50.91339203683997,6.387824563513243,122.8815,1.8074914009957865e-08,-7.687538055023424e-06,-0.8280539193502392
AB26,2022-10-21T13:22:44Z,174112,22.729570036586537,-33.16188776095792,44844,35437,solar_tower_juelich_lower,50.91368730735788,6.38720057187106,88.57810211,50.91339204098264,6.387820900067293,122.47303923324912,50.91339203683997,6.387824563513243,122.8815,4.142670206874754e-09,-3.663445950152777e-06,-0.4084607667508777
AB26,2022-10-21T13:27:04Z,174133,22.350280687389844,-34.2378581994581,44840,35857,solar_tower_juelich_lower,50.91368730735788,6.38720057187106,88.57810211,50.91339203762029,6.387821823757197,122.61900738521835,50.91339203683997,6.387824563513243,122.8815,7.80310926984384e-10,-2.7397560460329373e-06,-0.2624926147816495
AB26,2022-10-21T13:30:54Z,174156,22.00597887976899,-35.18351275929716,45186,35977,solar_tower_juelich_lower,50.91368730735788,6.38720057187106,88.57810211,50.91339203218256,6.387824989534464,121.70354524010838,50.91339203683997,6.387824563513243,122.8815,-4.6574157863688015e-09,4.260212209672433e-07,-1.1779547598916196
AB26,2022-10-21T13:34:49Z,174178,21.644288734518955,-36.14779522133001,45235,36332,solar_tower_juelich_lower,50.91368730735788,6.38720057187106,88.57810211,50.91339202603991,6.387827067560714,121.66741183965496,50.91339203683997,6.387824563513243,122.8815,-1.0800064842442224e-08,2.504047470708315e-06,-1.2140881603450424
AB26,2022-10-21T13:40:58Z,174207,21.063686296554813,-37.63915173726145,44980,37099,solar_tower_juelich_lower,50.91368730735788,6.38720057187106,88.57810211,50.91339202524907,6.387826122127648,122.58650144547671,50.91339203683997,6.387824563513243,122.8815,-1.1590906012770574e-08,1.558614404650882e-06,-0.2949985545232891
AB26,2022-10-21T13:46:44Z,174244,20.49814855974232,-39.03169395349041,44866,37737,solar_tower_juelich_lower,50.91368730735788,6.38720057187106,88.57810211,50.91339202210529,6.387826499046757,123.10728623238658,50.91339203683997,6.387824563513243,122.8815,-1.4734681030859065e-08,1.935533513908183e-06,0.2257862323865822
AB26,2022-10-21T14:08:32Z,174304,18.21765838632615,-44.161866192068295,45085,39789,solar_tower_juelich_lower,50.91368730735788,6.38720057187106,88.57810211,50.91339202234848,6.387826441802195,123.08690329949977,50.91339203683997,6.387824563513243,122.8815,-1.4491490674117813e-08,1.8782889519286528e-06,0.2054032994997641
AB26,2022-10-21T14:15:45Z,174349,17.414148471371973,-45.8193643973562,45162,40460,solar_tower_juelich_lower,50.91368730735788,6.38720057187106,88.57810211,50.913392021995726,6.387826565447202,123.08701963186344,50.91339203683997,6.387824563513243,122.8815,-1.4844246720713272e-08,2.001933959050461e-06,0.2055196318634387
AB26,2022-10-21T14:22:50Z,174393,16.603591168232665,-47.42702060468466,45239,41116,solar_tower_juelich_lower,50.91368730735788,6.38720057187106,88.57810211,50.91339202218122,6.38782652331966,123.07035112540864,50.91339203683997,6.387824563513243,122.8815,-1.465875243411574e-08,1.95980641670701e-06,0.1888511254086324
AB26,2022-10-21T14:29:40Z,174435,15.801974140567012,-48.96025422918319,45315,41750,solar_tower_juelich_lower,50.91368730735788,6.38720057187106,88.57810211,50.91339202315167,6.387826177520629,123.07427083333128,50.91339203683997,6.387824563513243,122.8815,-1.3688307376469312e-08,1.6140073855197556e-06,0.1927708333312807
AB26,2022-10-27T09:54:01Z,176236,23.684216747107456,22.5099651857522,44381,14315,solar_tower_juelich_lower,50.91368730735788,6.38720057187106,88.57810211,50.91339202761751,6.387824902261499,122.87325682806905,50.91339203683997,6.387824563513243,122.8815,-9.222468122516148e-09,3.3874825522417495e-07,-0.0082431719309568
AB26,2022-11-10T13:25:00Z,177459,16.474483616204648,-31.51075913014126,47913,35126,solar_tower_juelich_lower,50.91368730735788,6.38720057187106,88.57810211,50.91339203620591,6.387822133800242,122.7335281994835,50.91339203683997,6.387824563513243,122.8815,-6.34059915682883e-10,-2.429713001461664e-06,-0.1479718005165011
AB26,2023-02-13T10:49:01Z,181793,24.446494157007127,15.941241721894013,44659,16879,solar_tower_juelich_lower,50.91368730735788,6.38720057187106,88.57810211,50.913392018841165,6.38782764514596,123.1076766348327,50.91339203683997,6.387824563513243,122.8815,-1.79988077775306e-08,3.0816327161176105e-06,0.2261766348326972
AB26,2023-02-13T13:28:13Z,182501,22.21421482422908,-26.261836412753063,45667,32919,solar_tower_juelich_lower,50.91368730735788,6.38720057187106,88.57810211,50.91339202141571,6.387826717907717,123.12433659880908,50.91339203683997,6.387824563513243,122.8815,-1.5424262755914242e-08,2.154394473485865e-06,0.2428365988090775
AB26,2023-02-16T14:08:01Z,185238,19.92051245881805,-36.45637295250573,45581,36819,solar_tower_juelich_lower,50.91368730735788,6.38720057187106,88.57810211,50.91339202092497,6.387826977533292,123.06029690680371,50.91339203683997,6.387824563513243,122.8815,-1.5915006201794313e-08,2.414020048746579e-06,0.1787969068037114
AB26,2023-02-22T11:23:25Z,186538,28.682844726651936,6.875725606426541,43344,20656,solar_tower_juelich_lower,50.91368730735788,6.38720057187106,88.57810211,50.913392019483005,6.387827317732363,123.18350795263756,50.91339203683997,6.387824563513243,122.8815,-1.7356967418891145e-08,2.754219119438517e-06,0.3020079526375525
AB26,2023-02-22T13:00:07Z,186600,26.961027235663472,-20.001803730893776,43962,30433,solar_tower_juelich_lower,50.91368730735788,6.38720057187106,88.57810211,50.913392014647805,6.387828967720163,123.22604071343795,50.91339203683997,6.387824563513243,122.8815,-2.219216810317448e-08,4.404206920050058e-06,0.3445407134379508
AB26,2023-02-27T10:25:53Z,186867,28.19738848207896,22.94573157113497,42191,14774,solar_tower_juelich_lower,50.91368730735788,6.38720057187106,88.57810211,50.913392026418265,6.38782517744418,122.97283031975596,50.91339203683997,6.387824563513243,122.8815,-1.0421707941077333e-08,6.139309363106804e-07,0.0913303197559542
AB26,2023-02-27T10:44:42Z,186998,29.23380997824244,17.768035712912667,42286,16753,solar_tower_juelich_lower,50.91368730735788,6.38720057187106,88.57810211,50.913392027924765,6.387824754139392,122.90188798913158,50.91339203683997,6.387824563513243,122.8815,-8.915208127291407e-09,1.906261486439577e-07,0.0203879891315779
AB26,2023-02-27T11:45:23Z,187271,30.770063693865023,0.5134509122313994,42644,23066,solar_tower_juelich_lower,50.91368730735788,6.38720057187106,88.57810211,50.913392022177774,6.387826494465355,123.0921599321348,50.91339203683997,6.387824563513243,122.8815,-1.4662198566384177e-08,1.930952111983686e-06,0.2106599321348028
AB26,2023-02-27T13:15:32Z,187757,27.78932235058409,-24.8705759807201,43213,32163,solar_tower_juelich_lower,50.91368730735788,6.38720057187106,88.57810211,50.91339201813138,6.387827788029231,123.18810888051048,50.91339203683997,6.387824563513243,122.8815,-1.870859023256344e-08,3.224515987554355e-06,0.3066088805104812
AB26,2023-02-27T13:29:18Z,187869,26.818694631915875,-28.54324098858266,43306,33521,solar_tower_juelich_lower,50.91368730735788,6.38720057187106,88.57810211,50.91339202224631,6.387826448840438,123.10776646301882,50.91339203683997,6.387824563513243,122.8815,-1.4593666719520117e-08,1.8853271948060524e-06,0.2262664630188169
AB26,2023-04-18T08:29:55Z,195766,35.15829787475556,59.76360423284249,27783,6485,solar_tower_juelich_upper,50.91368730735788,6.38720057187106,88.57810211,50.913392027895554,6.387822732963817,129.67995935356285,50.91339203683997,6.387824563513243,130.09766666666667,-8.944418539158505e-09,-1.830549426706796e-06,-0.4177073131038185
AB26,2023-05-26T10:47:59Z,209017,59.02124054674507,19.99076790978341,28017,19921,solar_tower_juelich_lower,50.91368730735788,6.38720057187106,88.57810211,50.91339201661243,6.387828260688976,123.23616476600412,50.91339203683997,6.387824563513243,122.8815,-2.022754586050724e-08,3.697175732675362e-06,0.3546647660041202
AB26,2023-05-26T11:12:36Z,209088,59.990964330560686,8.831023277123677,28350,22309,solar_tower_juelich_lower,50.91368730735788,6.38720057187106,88.57810211,50.91339201487839,6.3878288128966325,123.28315360614047,50.91339203683997,6.387824563513243,122.8815,-2.1961582774565613e-08,4.249383389165473e-06,0.4016536061404707
AB26,2023-05-27T08:34:02Z,209575,44.5617594837113,66.16077136764788,22144,8493,solar_tower_juelich_upper,50.91368730735788,6.38720057187106,88.57810211,50.91339202337533,6.387825428802805,129.78618876632473,50.91339203683997,6.387824563513243,130.09766666666667,-1.3464642734106748e-08,8.652895617800027e-07,-0.3114779003419414
AB26,2023-05-27T10:10:01Z,210005,56.35985990812697,35.880545855536646,25497,17681,solar_tower_juelich_upper,50.91368730735788,6.38720057187106,88.57810211,50.91339202022048,6.387827552832004,129.9554287021706,50.91339203683997,6.387824563513243,130.09766666666667,-1.6619495113445737e-08,2.989318760526772e-06,-0.1422379644960756
AB26,2023-05-30T09:01:24Z,211846,48.722619907848696,59.27533341123375,24901,9572,solar_tower_juelich_lower,50.91368730735788,6.38720057187106,88.57810211,50.91339201846933,6.3878277107742125,123.15664810262804,50.91339203683997,6.387824563513243,122.8815,-1.8370641896581226e-08,3.147260969171839e-06,0.2751481026280373
AB26,2023-05-30T09:42:59Z,212036,53.94405100581741,46.24501554783625,26281,13596,solar_tower_juelich_lower,50.91368730735788,6.38720057187106,88.57810211,50.91339202179382,6.387826609706323,123.10637788946566,50.91339203683997,6.387824563513243,122.8815,-1.5046154544506862e-08,2.046193079863201e-06,0.2248778894656595
AB26,2023-06-02T12:55:25Z,212956,57.06054881059472,-37.07782954707822,28196,31939,solar_tower_juelich_lower,50.91368730735788,6.38720057187106,88.57810211,50.91339201242506,6.38782967339374,123.28961145836784,50.91339203683997,6.387824563513243,122.8815,-2.4414916310888657e-08,5.109880496512176e-06,0.4081114583678413
AB26,2023-06-04T11:34:20Z,214071,61.52593906495138,-0.7609030565960104,27905,24314,solar_tower_juelich_lower,50.91368730735788,6.38720057187106,88.57810211,50.9133920155402,6.387828605199809,123.26265532723176,50.91339203683997,6.387824563513243,122.8815,-2.12997761650513e-08,4.041686565869895e-06,0.3811553272317525
AB26,2023-06-04T13:20:59Z,214706,54.62750716852448,-46.54677113639809,27907,34267,solar_tower_juelich_lower,50.91368730735788,6.38720057187106,88.57810211,50.91339201320965,6.387829383515103,123.29912584471438,50.91339203683997,6.387824563513243,122.8815,-2.3630320811207642e-08,4.820001859862089e-06,0.4176258447143794
AB26,2023-06-04T14:46:04Z,215307,43.16430713111392,-71.10312529985681,26432,41698,solar_tower_juelich_lower,50.91368730735788,6.38720057187106,88.57810211,50.91339201210453,6.387829794180716,123.28376290583704,50.91339203683997,6.387824563513243,122.8815,-2.473544213899004e-08,5.230667472488904e-06,0.4022629058370341
AB26,2023-06-04T15:48:37Z,215773,33.54869442147356,-84.89519874761106,24111,46702,solar_tower_juelich_lower,50.91368730735788,6.38720057187106,88.57810211,50.91339201156234,6.387829973912579,123.2936532296964,50.91339203683997,6.387824563513243,122.8815,-2.5277635984366498e-08,5.410399335659122e-06,0.4121532296964005
AB26,2023-06-04T16:09:48Z,215901,30.21741754628716,-89.11935355978164,22986,48268,solar_tower_juelich_lower,50.91368730735788,6.38720057187106,88.57810211,50.91339201036528,6.387830417421516,123.27764003660889,50.91339203683997,6.387824563513243,122.8815,-2.6474694436728896e-08,5.85390827279042e-06,0.3961400366088838
AB26,2023-06-04T16:33:30Z,216069,26.490424548787324,-93.67167420296546,21447,49922,solar_tower_juelich_lower,50.91368730735788,6.38720057187106,88.57810211,50.91339204274515,6.387818722061549,123.4131513928059,50.91339203683997,6.387824563513243,122.8815,5.9051785683550415e-09,-5.841451693910926e-06,0.5316513928058981
AB26,2023-06-04T16:58:32Z,216232,22.57581660577016,-98.34385486749116,19436,51517,solar_tower_juelich_lower,50.91368730735788,6.38720057187106,88.57810211,50.913392006863525,6.387831554119893,123.36575574000294,50.91339203683997,6.387824563513243,122.8815,-2.997644799052068e-08,6.9906066499925146e-06,0.4842557400029363
AB26,2023-06-06T08:28:28Z,216692,44.59198866656398,69.1483147465151,22884,6425,solar_tower_juelich_lower,50.91368730735788,6.38720057187106,88.57810211,50.913392022856186,6.387826262160559,123.08795462312312,50.91339203683997,6.387824563513243,122.8815,-1.3983786573135149e-08,1.698647315251378e-06,0.2064546231231219
AB26,2023-06-13T09:18:30Z,220179,51.85272125287669,56.2705695712417,24645,11139,solar_tower_juelich_lower,50.91368730735788,6.38720057187106,88.57810211,50.91339202093384,6.387826869206994,123.13759248384292,50.91339203683997,6.387824563513243,122.8815,-1.5906131523024672e-08,2.305693750592752e-06,0.2560924838429201
AB26,2023-06-13T10:02:20Z,220439,57.05812842653442,41.3899958108132,25977,15345,solar_tower_juelich_lower,50.91368730735788,6.38720057187106,88.57810211,50.91339201836666,6.387827692396673,123.19762543213956,50.91339203683997,6.387824563513243,122.8815,-1.847331532189856e-08,3.1288834296816503e-06,0.3161254321395574
AB26,2023-06-13T11:54:17Z,221102,62.04015918786946,-9.730831652222305,27652,26051,solar_tower_juelich_lower,50.91368730735788,6.38720057187106,88.57810211,50.9133920144586,6.387828992044385,123.25931170113344,50.91339203683997,6.387824563513243,122.8815,-2.238137142285268e-08,4.428531141797976e-06,0.3778117011334387
AB26,2023-06-13T12:21:15Z,221302,60.86025005630148,-22.47392378455519,27745,28584,solar_tower_juelich_lower,50.91368730735788,6.38720057187106,88.57810211,50.91339201403783,6.387829128649838,123.26889739195497,50.91339203683997,6.387824563513243,122.8815,-2.280214772554245e-08,4.565136594969488e-06,0.3873973919549627
AB26,2023-06-16T10:41:01Z,222604,60.51455751702439,25.860186761293217,26706,18893,solar_tower_juelich_lower,50.91368730735788,6.38720057187106,88.57810211,50.913392002321885,6.387833387698891,123.16405228342586,50.91339203683997,6.387824563513243,122.8815,-3.4518087943524733e-08,8.824185647959837e-06,0.2825522834258578
AB26,2023-06-16T11:02:21Z,222741,61.717957932544046,16.027700251428683,27071,21054,solar_tower_juelich_lower,50.91368730735788,6.38720057187106,88.57810211,50.9133920168188,6.3878281776925805,123.24383785693944,50.91339203683997,6.387824563513243,122.8815,-2.0021168722905723e-08,3.6141793371413655e-06,0.3623378569394333
AB26,2023-06-16T12:07:07Z,223109,61.753740151253865,-15.649607747878896,27643,27200,solar_tower_juelich_lower,50.91368730735788,6.38720057187106,88.57810211,50.91339201652049,6.387828286829407,123.24100516011688,50.91339203683997,6.387824563513243,122.8815,-2.031948298508724e-08,3.723316163828372e-06,0.3595051601168819
AB26,2023-07-07T08:48:46Z,227799,46.59570592592561,65.51472625549422,23547,7607,solar_tower_juelich_lower,50.91368730735788,6.38720057187106,88.57810211,50.91339200234819,6.387833467846638,123.08093103866162,50.91339203683997,6.387824563513243,122.8815,-3.4491783651446895e-08,8.904333395065578e-06,0.1994310386616149
AB26,2023-07-07T08:51:22Z,227807,46.96725230081452,64.82707052544319,23737,8005,solar_tower_juelich_lower,50.91368730735788,6.38720057187106,88.57810211,50.913392026927504,6.387824929307651,123.02162713686528,50.91339203683997,6.387824563513243,122.8815,-9.912469067785425e-09,3.657944072088526e-07,0.1401271368652743
AB26,2023-07-07T09:33:40Z,227985,52.65676982540378,52.50350278145923,25349,12049,solar_tower_juelich_lower,50.91368730735788,6.38720057187106,88.57810211,50.9133920230789,6.387826166714579,123.10035101866713,50.91339203683997,6.387824563513243,122.8815,-1.3761074058038504e-08,1.603201335242943e-06,0.2188510186671237
AB26,2023-07-07T10:16:55Z,228167,57.4657646600544,37.17767018923341,26546,16223,solar_tower_juelich_lower,50.91368730735788,6.38720057187106,88.57810211,50.91339202026556,6.387827075242424,123.1589872075429,50.91339203683997,6.387824563513243,122.8815,-1.6574411176861762e-08,2.511729181087219e-06,0.2774872075429044
AB26,2023-07-07T10:28:38Z,228222,58.51941703790028,32.479117067142745,26804,17356,solar_tower_juelich_lower,50.91368730735788,6.38720057187106,88.57810211,50.91339201994581,6.387827170141559,123.17205007331964,50.91339203683997,6.387824563513243,122.8815,-1.689416251338116e-08,2.606628315859893e-06,0.2905500733196362
AB26,2023-07-07T12:38:35Z,228827,59.42196164860254,-27.611094692009743,28076,29746,solar_tower_juelich_lower,50.91368730735788,6.38720057187106,88.57810211,50.91339201621708,6.38782838823891,123.24545744097932,50.91339203683997,6.387824563513243,122.8815,-2.062289183868416e-08,3.824725666845552e-06,0.3639574409793198
AB26,2023-08-15T10:42:46Z,237588,51.437258974364646,22.21066515476541,31390,18316,solar_tower_juelich_lower,50.91368730735788,6.38720057187106,88.57810211,50.91339202043522,6.387827170526435,123.044485528119,50.91339203683997,6.387824563513243,122.8815,-1.6404754887844323e-08,2.607013191990859e-06,0.1629855281189947
AB26,2023-09-04T11:04:58Z,243057,45.88380964768821,10.223841689728902,35122,20814,solar_tower_juelich_lower,50.91368730735788,6.38720057187106,88.57810211,50.91339202014765,6.387827389631592,122.9559732206176,50.91339203683997,6.387824563513243,122.8815,-1.6692318638433793e-08,2.8261183482314323e-06,0.0744732206175911
AB26,2023-09-05T10:28:50Z,244237,43.93834458946494,22.486367261758115,34878,17096,solar_tower_juelich_lower,50.91368730735788,6.38720057187106,88.57810211,50.91339202324297,6.387826415928455,122.87856955669466,50.91339203683997,6.387824563513243,122.8815,-1.3597002634924138e-08,1.8524152114451908e-06,-0.0029304433053454
AB26,2023-09-05T12:35:40Z,244454,44.024625082273694,-21.810449612469416,35885,30080,solar_tower_juelich_lower,50.91368730735788,6.38720057187106,88.57810211,50.913392021001975,6.387826901141583,123.09662101895742,50.91339203683997,6.387824563513243,122.8815,-1.5837997580092633e-08,2.3376283397880115e-06,0.2151210189574186
AB26,2023-09-07T11:34:11Z,246261,45.16345030646014,-0.5701568318159498,35927,23911,solar_tower_juelich_lower,50.91368730735788,6.38720057187106,88.57810211,50.91339202139827,6.387826849738628,123.03230346335482,50.91339203683997,6.387824563513243,122.8815,-1.5441699474649795e-08,2.2862253850064462e-06,0.1508034633548192
AB26,2023-09-11T07:54:58Z,247637,25.577658471230563,63.44533568442144,32678,1033,solar_tower_juelich_lower,50.91368730735788,6.38720057187106,88.57810211,50.91339203791862,6.387821298180944,122.88750117071024,50.91339203683997,6.387824563513243,122.8815,1.0786465054479775e-09,-3.2653322996623046e-06,0.0060011707102347
AB26,2023-09-11T12:59:19Z,248463,40.10282489261174,-29.268852140261203,37041,32570,solar_tower_juelich_lower,50.91368730735788,6.38720057187106,88.57810211,50.91339201304632,6.387829614922111,123.16069076204992,50.91339203683997,6.387824563513243,122.8815,-2.3793653269876813e-08,5.051408867196017e-06,0.2791907620499216
AB26,2023-09-11T13:26:31Z,248521,37.7393328017866,-37.43854490087971,37062,35246,solar_tower_juelich_lower,50.91368730735788,6.38720057187106,88.57810211,50.913392013185614,6.387829572937343,123.15503413268128,50.91339203683997,6.387824563513243,122.8815,-2.3654358471958403e-08,5.009424099533533e-06,0.2735341326812772
AB26,2023-09-11T13:53:15Z,248586,34.95868354189447,-44.95828919277833,37031,37860,solar_tower_juelich_lower,50.91368730735788,6.38720057187106,88.57810211,50.913392015679264,6.387828570303209,123.25163929800588,50.91339203683997,6.387824563513243,122.8815,-2.116070874080833e-08,4.006789965593782e-06,0.3701392980058813
AB26,2023-09-22T10:39:10Z,252123,38.413443197371656,15.42037712909943,38250,18501,solar_tower_juelich_lower,50.91368730735788,6.38720057187106,88.57810211,50.91339201743225,6.387828386322751,122.91782939222878,50.91339203683997,6.387824563513243,122.8815,-1.940772165198723e-08,3.822809508058356e-06,0.0363293922287795
AB26,2023-09-25T12:25:59Z,252454,36.69830493048371,-18.75519731255345,39549,29607,solar_tower_juelich_lower,50.91368730735788,6.38720057187106,88.57810211,50.91339201687705,6.387828304628234,123.1311122914691,50.91339203683997,6.387824563513243,122.8815,-1.9962925534855458e-08,3.741114990241101e-06,0.2496122914690914
AB26,2023-09-26T10:11:17Z,253116,35.5191817356373,23.12936209060267,36845,16947,solar_tower_juelich_upper,50.91368730735788,6.38720057187106,88.57810211,50.91339202217434,6.387825690728263,129.591049491998,50.91339203683997,6.387824563513243,130.09766666666667,-1.4665630487797898e-08,1.1272150191032893e-06,-0.5066171746686621
AB26,2023-09-26T10:35:50Z,253238,36.79917235957351,15.68965627448895,37118,19531,solar_tower_juelich_upper,50.91368730735788,6.38720057187106,88.57810211,50.9133920215918,6.387826180169667,129.67405809416266,50.91339203683997,6.387824563513243,130.09766666666667,-1.5248176055138174e-08,1.616656423841789e-06,-0.4236085725040084
AB26,2023-09-26T10:51:08Z,253269,37.35039351486864,10.946439070173744,37266,21134,solar_tower_juelich_upper,50.91368730735788,6.38720057187106,88.57810211,50.91339202104096,6.3878265686091895,129.7147357308703,50.91339203683997,6.387824563513243,130.09766666666667,-1.5799010100181476e-08,2.005095946167046e-06,-0.3829309357963666
AB26,2023-10-10T10:33:33Z,254700,31.56164618405055,14.015273841041106,41590,18292,solar_tower_juelich_lower,50.91368730735788,6.38720057187106,88.57810211,50.91339202655285,6.387825329776841,122.83278371192878,50.91339203683997,6.387824563513243,122.8815,-1.0287124041497009e-08,7.662635974625687e-07,-0.048716288071219
AB26,2023-10-10T11:04:44Z,254767,32.3623436618109,4.93513163392598,41794,21545,solar_tower_juelich_lower,50.91368730735788,6.38720057187106,88.57810211,50.9133920238393,6.387826116869186,122.94485380149308,50.91339203683997,6.387824563513243,122.8815,-1.3000672538510116e-08,1.5533559425406906e-06,0.0633538014930792
AB26,2023-10-10T13:09:48Z,254942,27.900073037626488,-30.75731222488149,42554,34185,solar_tower_juelich_lower,50.91368730735788,6.38720057187106,88.57810211,50.91339201674607,6.387828362678301,123.12188488179244,50.91339203683997,6.387824563513243,122.8815,-2.0093906982765475e-08,3.799165057216669e-06,0.240384881792437
AB26,2023-10-10T13:19:41Z,254990,27.071677429553887,-33.36072843909583,42614,35153,solar_tower_juelich_lower,50.91368730735788,6.38720057187106,88.57810211,50.91339201726231,6.387828180650705,123.122318494193,50.91339203683997,6.387824563513243,122.8815,-1.957766215809897e-08,3.617137461553455e-06,0.2408184941929931
AB26,2023-10-10T13:37:45Z,255060,25.40826558079701,-38.00471590404391,42722,36904,solar_tower_juelich_lower,50.91368730735788,6.38720057187106,88.57810211,50.91339201542465,6.387828801600491,123.14186888986254,50.91339203683997,6.387824563513243,122.8815,-2.1415324624740613e-08,4.2380872473657405e-06,0.2603688898625336
AB26,2023-10-10T13:48:19Z,255129,24.35166073449085,-40.65108399009857,42786,37919,solar_tower_juelich_lower,50.91368730735788,6.38720057187106,88.57810211,50.91339201506079,6.38782891649712,123.15214822927904,50.91339203683997,6.387824563513243,122.8815,-2.1779186454296e-08,4.352983876465544e-06,0.2706482292790326
AB26,2023-10-10T13:59:42Z,255199,23.1491131576625,-43.44455383555354,42857,39010,solar_tower_juelich_lower,50.91368730735788,6.38720057187106,88.57810211,50.91339201533793,6.387828815689868,123.1546987685544,50.91339203683997,6.387824563513243,122.8815,-2.1502046365640133e-08,4.252176625030302e-06,0.2731987685543942
AB26,2023-10-10T14:19:50Z,255347,20.871853215788715,-48.2425505298267,42982,40917,solar_tower_juelich_lower,50.91368730735788,6.38720057187106,88.57810211,50.91339201416484,6.387829186207266,123.18825689045204,50.91339203683997,6.387824563513243,122.8815,-2.2675138211525336e-08,4.6226940222382495e-06,0.3067568904520357
AB26,2023-10-17T11:59:05Z,256278,29.257798670261483,-11.10612443718592,43350,27162,solar_tower_juelich_lower,50.91368730735788,6.38720057187106,88.57810211,50.91339202393283,6.387825929948799,123.05543708981382,50.91339203683997,6.387824563513243,122.8815,-1.2907143798202014e-08,1.366435555816281e-06,0.173937089813819
AB26,2023-10-17T12:12:39Z,256335,28.773842977775107,-14.89333517674842,43435,28529,solar_tower_juelich_lower,50.91368730735788,6.38720057187106,88.57810211,50.91339202087072,6.387826942037982,123.10044108082276,50.91339203683997,6.387824563513243,122.8815,-1.5969256139669596e-08,2.3785247389440656e-06,0.2189410808227592
AB26,2023-11-03T13:40:29Z,258807,17.079373398337722,-36.023403795241094,44863,38028,solar_tower_juelich_upper,50.91368730735788,6.38720057187106,88.57810211,50.91339201756368,6.387829276126863,130.05096202704092,50.91339203683997,6.387824563513243,130.09766666666667,-1.9276292562153685e-08,4.712613619339834e-06,-0.0467046396257444
AB26,2023-11-03T13:40:34Z,258809,17.071654215799867,-36.04281989578306,44863,38028,solar_tower_juelich_upper,50.91368730735788,6.38720057187106,88.57810211,50.9133920169967,6.387829615368836,130.05824810618338,50.91339203683997,6.387824563513243,130.09766666666667,-1.9843270138153457e-08,5.051855592519416e-06,-0.0394185604832841
AB26,2023-11-03T13:40:40Z,258810,17.062386501907042,-36.06611605071527,44863,38028,solar_tower_juelich_upper,50.91368730735788,6.38720057187106,88.57810211,50.91339201630201,6.387829976085576,130.04490545620075,50.91339203683997,6.387824563513243,130.09766666666667,-2.0537960665478766e-08,5.4125723325526565e-06,-0.0527612104659169
AB26,2023-11-03T13:40:46Z,258811,17.05311371738916,-36.08940862956096,44863,38028,solar_tower_juelich_upper,50.91368730735788,6.38720057187106,88.57810211,50.91339201612149,6.387830090279916,130.0496841437003,50.91339203683997,6.387824563513243,130.09766666666667,-2.071848115292596e-08,5.526766672758754e-06,-0.0479825229663788
AB26,2023-11-03T13:40:51Z,258813,17.045380860599497,-36.10882055797134,44863,38028,solar_tower_juelich_upper,50.91368730735788,6.38720057187106,88.57810211,50.91339201497819,6.387830812420185,130.07863699878544,50.91339203683997,6.387824563513243,130.09766666666667,-2.1861779941900763e-08,6.248906941230814e-06,-0.0190296678812273
AB26,2023-11-03T13:40:56Z,258815,17.037647553491034,-36.12822230360496,44863,38028,solar_tower_juelich_upper,50.91368730735788,6.38720057187106,88.57810211,50.9133920133942,6.387831750765166,130.09311286582297,50.91339203683997,6.387824563513243,130.09766666666667,-2.3445771546448668e-08,7.187251922502469e-06,-0.0045538008436949
AB26,2023-11-03T13:41:02Z,258816,17.028361031540708,-36.15150591651004,44863,38028,solar_tower_juelich_upper,50.91368730735788,6.38720057187106,88.57810211,50.91339201352085,6.387831635678159,130.07684383555636,50.91339203683997,6.387824563513243,130.09766666666667,-2.3319124409226788e-08,7.072164915911117e-06,-0.0208228311103084
AB26,2023-11-03T13:41:08Z,258818,17.019070943605218,-36.17478220644427,44863,38028,solar_tower_juelich_upper,50.91368730735788,6.38720057187106,88.57810211,50.91339201151017,6.387832851904252,130.10375335511245,50.91339203683997,6.387824563513243,130.09766666666667,-2.5329804032026004e-08,8.288391009081408e-06,0.0060866884457766
AB26,2023-11-03T13:41:14Z,258819,17.009774239729865,-36.19805882104028,44863,38028,solar_tower_juelich_upper,50.91368730735788,6.38720057187106,88.57810211,50.913392010780576,6.387833255103685,130.09935488554856,50.91339203683997,6.387824563513243,130.09766666666667,-2.605939641853185e-08,8.691590442033714e-06,0.0016882188818954
AB26,2023-11-03T13:41:20Z,258820,17.000472354063017,-36.22133217127621,44863,38028,solar_tower_juelich_upper,50.91368730735788,6.38720057187106,88.57810211,50.91339200982002,6.3878338445961935,130.11438152735803,50.91339203683997,6.387824563513243,130.09766666666667,-2.7019950721296482e-08,9.28108295017438e-06,0.0167148606913656
AB26,2023-11-03T13:41:25Z,258822,16.992716863756105,-36.24072404168312,44863,38028,solar_tower_juelich_upper,50.91368730735788,6.38720057187106,88.57810211,50.91339200843039,6.387834683037146,130.13024618792252,50.91339203683997,6.387824563513243,130.09766666666667,-2.8409587571331943e-08,1.0119523902396566e-05,0.0325795212558546
AB26,2023-11-03T13:41:30Z,258823,16.98495938234238,-36.26010963670498,44863,38028,solar_tower_juelich_upper,50.91368730735788,6.38720057187106,88.57810211,50.913392007600045,6.3878351900939485,130.14138746079837,50.91339203683997,6.387824563513243,130.09766666666667,-2.92399278123412e-08,1.06265807051642e-05,0.0437207941317012
AB26,2023-12-18T12:23:32Z,260527,14.856735340117504,-12.475456197625418,50625,27565,solar_tower_juelich_lower,50.91368730735788,6.38720057187106,88.57810211,50.913392040972894,6.387820304575419,122.84542442042918,50.91339203683997,6.387824563513243,122.8815,4.132921560540126e-09,-4.258937824630493e-06,-0.03607557957082
AB26,2024-01-18T14:13:40Z,261703,11.45563720523607,-35.300078750791506,47572,37987,solar_tower_juelich_upper,50.91368730735788,6.38720057187106,88.57810211,50.9133920228253,6.387826222204203,130.01757616914412,50.91339203683997,6.387824563513243,130.09766666666667,-1.4014673865858642e-08,1.6586909596938426e-06,-0.0800904975225478
AB26,2024-03-08T12:32:56Z,267335,33.58851850882995,-14.359887423575485,41249,28258,solar_tower_juelich_lower,50.91368730735788,6.38720057187106,88.57810211,50.91339202169996,6.387826713394033,123.05478715853668,50.91339203683997,6.387824563513243,122.8815,-1.514001723990077e-08,2.1498807898368e-06,0.1732871585366808
AB26,2024-05-14T09:57:54Z,273247,53.00577501404507,38.339359810821065,29259,14966,solar_tower_juelich_lower,50.91368730735788,6.38720057187106,88.57810211,50.91339203893365,6.387821183362316,122.73847505710644,50.91339203683997,6.387824563513243,122.8815,2.093671014335996e-09,-3.380150927156933e-06,-0.143024942893561
AB26,2024-05-14T10:24:39Z,273296,55.32608858859022,28.269244703442222,29757,17634,solar_tower_juelich_lower,50.91368730735788,6.38720057187106,88.57810211,50.91339204325614,6.387819792718914,122.67582041199832,50.91339203683997,6.387824563513243,122.8815,6.4161653767769175e-09,-4.770794329367334e-06,-0.2056795880016864
AB26,2024-05-28T07:29:32Z,274908,35.007771954965854,81.35294625484835,18041,2634,solar_tower_juelich_upper,50.91368730735788,6.38720057187106,88.57810211,50.91339202699104,6.387823641818563,129.90005250255615,50.91339203683997,6.387824563513243,130.09766666666667,-9.848932336353757e-09,-9.216946805779004e-07,-0.1976141641105187
AB26,2022-01-11T13:23:20Z,60541,14.06881456269584,-24.08907725705256,49573,32238,solar_tower_juelich_lower,50.91368730735788,6.38720057187106,88.57810211,50.91339201831096,6.387827612542461,123.27206399931517,50.91339203683997,6.387824563513243,122.8815,-1.8529014766954788e-08,3.0490292175500144e-06,0.3905639993151624
AB26,2022-02-02T13:26:17Z,64473,19.070595714320326,-24.880019217628888,47269,32450,solar_tower_juelich_lower,50.91368730735788,6.38720057187106,88.57810211,50.913392018896765,6.387827605770824,123.12257196961843,50.91339203683997,6.387824563513243,122.8815,-1.7943207808457373e-08,3.042257580965213e-06,0.2410719696184315
AB26,2022-02-11T13:02:46Z,65429,23.207518414492373,-19.603832725692182,45768,30353,solar_tower_juelich_lower,50.91368730735788,6.38720057187106,88.57810211,50.91339201363834,6.387829356307767,123.2005822028963,50.91339203683997,6.387824563513243,122.8815,-2.3201636167868852e-08,4.792794523922339e-06,0.3190822028962969
AB26,2022-02-12T12:00:38Z,66015,25.46050093315462,-3.22602966948973,45202,24178,solar_tower_juelich_lower,50.91368730735788,6.38720057187106,88.57810211,50.91339201866426,6.387827576735033,123.20561883031002,50.91339203683997,6.387824563513243,122.8815,-1.81757116024528e-08,3.0132217894163205e-06,0.3241188303100131
AB26,2022-02-12T14:15:58Z,66605,18.010081450475994,-37.77455072227607,46289,37416,solar_tower_juelich_lower,50.91368730735788,6.38720057187106,88.57810211,50.91339200696778,6.387832408901889,122.57829520371008,50.91339203683997,6.387824563513243,122.8815,-2.98721900549026e-08,7.845388645399964e-06,-0.3032047962899185
AB26,2022-02-24T13:39:56Z,67943,25.05142605068392,-30.83540658055216,43921,34423,solar_tower_juelich_lower,50.91368730735788,6.38720057187106,88.57810211,50.9133920173926,6.387828279066657,123.011609538945,50.91339203683997,6.387824563513243,122.8815,-1.9447369936642644e-08,3.715553413385919e-06,0.1301095389449926
AB26,2022-02-27T10:42:55Z,68384,29.237322255238222,18.273033376554928,42290,16536,solar_tower_juelich_lower,50.91368730735788,6.38720057187106,88.57810211,50.91339202067035,6.387827369687913,122.83409360533688,50.91339203683997,6.387824563513243,122.8815,-1.6169622085726587e-08,2.806174669522932e-06,-0.0474063946631275
AB26,2022-02-27T11:55:32Z,68832,30.83672948565841,-2.421828025464737,42732,24080,solar_tower_juelich_lower,50.91368730735788,6.38720057187106,88.57810211,50.91339201834349,6.387828006648675,122.96558464438012,50.91339203683997,6.387824563513243,122.8815,-1.849648612051169e-08,3.443135431879796e-06,0.0840846443801126
AB26,2022-02-27T12:47:59Z,69171,29.43097681811967,-17.34646276723509,43053,29405,solar_tower_juelich_lower,50.91368730735788,6.38720057187106,88.57810211,50.91339201761811,6.387828227316267,122.99071457456084,50.91339203683997,6.387824563513243,122.8815,-1.922186498859446e-08,3.663803023634671e-06,0.1092145745608377
AB26,2022-02-27T13:34:39Z,69505,26.49146163603348,-29.992856387808416,43351,34028,solar_tower_juelich_lower,50.91368730735788,6.38720057187106,88.57810211,50.91339201628991,6.3878286793469226,123.00023641758078,50.91339203683997,6.387824563513243,122.8815,-2.05500683136961e-08,4.115833679207981e-06,0.1187364175807772
AB26,2022-02-27T14:18:24Z,69817,22.50095387985648,-41.0526805292434,43651,38256,solar_tower_juelich_lower,50.91368730735788,6.38720057187106,88.57810211,50.91339201548373,6.387828881602724,123.06295918442942,50.91339203683997,6.387824563513243,122.8815,-2.135624299626216e-08,4.318089480648268e-06,0.1814591844294142
AB26,2022-02-27T15:02:43Z,70130,17.479025824047923,-51.423579634402586,43986,42418,solar_tower_juelich_lower,50.91368730735788,6.38720057187106,88.57810211,50.91339201265942,6.387829748274848,123.16301865990503,50.91339203683997,6.387824563513243,122.8815,-2.4180550894925545e-08,5.184761604937194e-06,0.2815186599050321
AB26,2022-02-28T10:46:09Z,70575,29.772011253247385,17.410632840025297,42126,16912,solar_tower_juelich_lower,50.91368730735788,6.38720057187106,88.57810211,50.91339202475427,6.387825980150995,122.81392126037672,50.91339203683997,6.387824563513243,122.8815,-1.2085699552244478e-08,1.4166377519941875e-06,-0.0675787396232863
AB26,2022-02-28T11:44:47Z,70995,31.237401838138325,0.6267235784867264,42484,23015,solar_tower_juelich_lower,50.91368730735788,6.38720057187106,88.57810211,50.91339202168211,6.387826894930594,122.9258744970358,50.91339203683997,6.387824563513243,122.8815,-1.5157866073423065e-08,2.3314173507316127e-06,0.0443744970358039
AB26,2022-02-28T12:39:29Z,71347,30.166085459026927,-15.088431569011815,42828,28591,solar_tower_juelich_lower,50.91368730735788,6.38720057187106,88.57810211,50.91339202116963,6.38782708752002,122.91545232487547,50.91339203683997,6.387824563513243,122.8815,-1.5670345021590038e-08,2.52400677691611e-06,0.0339523248754716
AB26,2022-02-28T13:26:47Z,71705,27.435828990221182,-28.093387407823883,43118,33302,solar_tower_juelich_lower,50.91368730735788,6.38720057187106,88.57810211,50.913392020936165,6.387827128715345,122.94537851812971,50.91339203683997,6.387824563513243,122.8815,-1.5903808048278734e-08,2.5652021014010984e-06,0.0638785181297123
AB26,2022-02-28T14:11:55Z,72044,23.48538595917137,-39.67747102349361,43417,37686,solar_tower_juelich_lower,50.91368730735788,6.38720057187106,88.57810211,50.91339202009205,6.387827356163214,122.99561259509096,50.91339203683997,6.387824563513243,122.8815,-1.6747918607507017e-08,2.79264997082862e-06,0.1141125950909582
AB26,2022-02-28T15:05:54Z,72351,17.38978810842384,-52.37795243081498,43808,42767,solar_tower_juelich_lower,50.91368730735788,6.38720057187106,88.57810211,50.913392017631054,6.387828089778788,123.09276365077814,50.91339203683997,6.387824563513243,122.8815,-1.9208918899948912e-08,3.5262655444512347e-06,0.211263650778136
AB26,2022-02-28T15:47:39Z,72642,11.91164146448693,-61.43087333184118,44147,46564,solar_tower_juelich_lower,50.91368730735788,6.38720057187106,88.57810211,50.91339201508036,6.387828950916874,123.11974950088596,50.91339203683997,6.387824563513243,122.8815,-2.1759611001925805e-08,4.38740363062351e-06,0.2382495008859564
AB26,2022-02-28T16:28:21Z,72916,6.1429233245989945,-69.76029519311422,44516,50141,solar_tower_juelich_lower,50.91368730735788,6.38720057187106,88.57810211,50.91339200941882,6.387830672636613,123.34382476073084,50.91339203683997,6.387824563513243,122.8815,-2.7421151571616065e-08,6.109123369846259e-06,0.4623247607308371
AB26,2022-03-02T10:55:23Z,73390,30.943692281858883,14.846752156029469,41814,17952,solar_tower_juelich_lower,50.91368730735788,6.38720057187106,88.57810211,50.913392007496284,6.387831260055795,123.42420995822896,50.91339203683997,6.387824563513243,122.8815,-2.9343688368044244e-08,6.69654255158747e-06,0.5427099582289543
AB26,2022-03-02T12:50:37Z,73769,30.392582225136504,-18.500349786407504,42539,29796,solar_tower_juelich_lower,50.91368730735788,6.38720057187106,88.57810211,50.913392004182604,6.387832332617951,123.51904716462882,50.91339203683997,6.387824563513243,122.8815,-3.2657368365107686e-08,7.769104708010843e-06,0.6375471646288133
AB26,2022-03-02T14:25:08Z,74153,22.759359793464505,-43.35244702524903,43121,39044,solar_tower_juelich_lower,50.91368730735788,6.38720057187106,88.57810211,50.91339200492695,6.387832079427615,123.50767652583647,50.91339203683997,6.387824563513243,122.8815,-3.1913025111407485e-08,7.51591437175847e-06,0.6261765258364704
AB26,2022-03-04T12:14:50Z,75577,32.44184796591959,-8.452882638076133,40123,27479,solar_tower_juelich_upper,50.91368730735788,6.38720057187106,88.57810211,50.91339202257664,6.387825662612844,129.6851562605932,50.91339203683997,6.387824563513243,130.09766666666667,-1.4263335401665245e-08,1.099099600665454e-06,-0.4125104060734657
AB26,2022-03-05T10:21:20Z,76103,30.288848345486382,24.54887483914623,41028,14487,solar_tower_juelich_lower,50.91368730735788,6.38720057187106,88.57810211,50.91339202849189,6.387824731015099,122.78126985369892,50.91339203683997,6.387824563513243,122.8815,-8.348081337317126e-09,1.675018559410546e-07,-0.1002301463010866
AB26,2022-03-05T12:17:06Z,76584,32.76620511070123,-9.2291950905754,41809,26535,solar_tower_juelich_lower,50.91368730735788,6.38720057187106,88.57810211,50.913392018836944,6.387827820421147,122.97621427434854,50.91339203683997,6.387824563513243,122.8815,-1.8003028401381016e-08,3.256907903370632e-06,0.0947142743485329
AB26,2022-03-05T13:57:31Z,77012,26.54765290191361,-37.14489061047535,42372,36528,solar_tower_juelich_lower,50.91368730735788,6.38720057187106,88.57810211,50.91339202028985,6.387827276139926,123.00374410064684,50.91339203683997,6.387824563513243,122.8815,-1.6550124826153482e-08,2.712626682388475e-06,0.1222441006468386
AB26,2022-03-05T15:21:54Z,77365,16.840832523350315,-57.200757688121314,42828,44494,solar_tower_juelich_lower,50.91368730735788,6.38720057187106,88.57810211,50.91339201798478,6.387827997525189,123.06845463621552,50.91339203683997,6.387824563513243,122.8815,-1.8855189409805465e-08,3.4340119459130847e-06,0.1869546362155176
AB26,2022-03-05T16:28:04Z,77595,7.545611858125092,-71.06495233315532,43181,50404,solar_tower_juelich_lower,50.91368730735788,6.38720057187106,88.57810211,50.91339200923085,6.387830841920993,123.25846778659717,50.91339203683997,6.387824563513243,122.8815,-2.76091256523614e-08,6.278407749249482e-06,0.376967786597163
AB26,2022-03-08T13:10:40Z,78105,31.39874955587443,-25.16602691517169,41561,32059,solar_tower_juelich_lower,50.91368730735788,6.38720057187106,88.57810211,50.91339202255172,6.3878265079422585,122.9871923956944,50.91339203683997,6.387824563513243,122.8815,-1.4288254135408351e-08,1.944429015132698e-06,0.1056923956943904
AB26,2022-03-08T14:12:55Z,78378,26.00652239061981,-41.76448641726846,41864,38153,solar_tower_juelich_lower,50.91368730735788,6.38720057187106,88.57810211,50.9133920207742,6.38782712584556,122.98957812902498,50.91339203683997,6.387824563513243,122.8815,-1.6065776264895252e-08,2.562332316990989e-06,0.1080781290249746
AB26,2022-03-08T15:18:43Z,78648,18.151318875632303,-57.30609066411605,42137,44352,solar_tower_juelich_lower,50.91368730735788,6.38720057187106,88.57810211,50.91339202134128,6.387826868131198,123.03345153150198,50.91339203683997,6.387824563513243,122.8815,-1.5498692107485113e-08,2.304617954251853e-06,0.1519515315019788
AB26,2022-03-10T10:21:47Z,79149,32.27564869692439,24.68428522816604,40078,14733,solar_tower_juelich_lower,50.91368730735788,6.38720057187106,88.57810211,50.91339202843074,6.387824718466395,122.80472032998074,50.91339203683997,6.387824563513243,122.8815,-8.40923064515664e-09,1.549531516431557e-07,-0.0767796700192633
AB26,2022-03-10T12:06:41Z,79566,34.904398299546166,-6.684759676224518,40844,25677,solar_tower_juelich_lower,50.91368730735788,6.38720057187106,88.57810211,50.91339202102653,6.387827061224639,122.97210363766128,50.91339203683997,6.387824563513243,122.8815,-1.5813441223144764e-08,2.497711395932356e-06,0.0906036376612746
AB26,2022-03-10T13:53:17Z,79970,28.633172079013985,-37.20097359468732,41385,36342,solar_tower_juelich_lower,50.91368730735788,6.38720057187106,88.57810211,50.91339202085372,6.387827057991181,123.01928494478554,50.91339203683997,6.387824563513243,122.8815,-1.5986252321908978e-08,2.4944779379865167e-06,0.1377849447855368
AB26,2022-03-10T15:07:33Z,80303,20.20868626678726,-55.3469675125586,41652,43414,solar_tower_juelich_lower,50.91368730735788,6.38720057187106,88.57810211,50.91339201920705,6.387827607618773,123.03932590191177,50.91339203683997,6.387824563513243,122.8815,-1.7632920901178295e-08,3.044105529426133e-06,0.1578259019117638
AB26,2022-03-11T10:26:07Z,80738,32.95089460585759,23.49136525392497,39921,15235,solar_tower_juelich_lower,50.91368730735788,6.38720057187106,88.57810211,50.91339202471836,6.387825903216085,122.87829977472586,50.91339203683997,6.387824563513243,122.8815,-1.212161748753715e-08,1.3397028419959156e-06,-0.003200225274142
AB26,2022-03-11T11:48:27Z,81086,35.48686616117,-1.2235922551613152,40540,23847,solar_tower_juelich_lower,50.91368730735788,6.38720057187106,88.57810211,50.9133920221218,6.387826631768075,123.00650133342452,50.91339203683997,6.387824563513243,122.8815,-1.4718175123107358e-08,2.0682548313999405e-06,0.125001333424521
AB26,2022-03-11T12:53:25Z,81376,33.54663759862003,-20.7851593232565,40916,30466,solar_tower_juelich_lower,50.91368730735788,6.38720057187106,88.57810211,50.91339201996629,6.38782738842328,123.00438535204198,50.91339203683997,6.387824563513243,122.8815,-1.6873684671736555e-08,2.8249100365584923e-06,0.1228853520419761
AB26,2022-03-11T14:39:53Z,81688,23.951291765722523,-49.16168904451715,41361,40863,solar_tower_juelich_lower,50.91368730735788,6.38720057187106,88.57810211,50.9133920212216,6.387826941681215,123.01012181744268,50.91339203683997,6.387824563513243,122.8815,-1.5618375925896544e-08,2.3781679718837268e-06,0.1286218174426778
AB26,2022-03-22T11:16:44Z,84754,39.55411163819601,7.98405001215641,36466,22327,solar_tower_juelich_upper,50.91368730735788,6.38720057187106,88.57810211,50.91339202132756,6.387826420017019,129.71906494351242,50.91339203683997,6.387824563513243,130.09766666666667,-1.551241268771264e-08,1.8565037755990943e-06,-0.3786017231542473
AB26,2022-03-23T10:21:41Z,86114,37.45387482770064,25.29739029965254,35669,16619,solar_tower_juelich_upper,50.91368730735788,6.38720057187106,88.57810211,50.913392027280665,6.38782285289557,129.55956907877686,50.91339203683997,6.387824563513243,130.09766666666667,-9.55930801183058e-09,-1.710617673289505e-06,-0.5380975878898084
AB26,2022-03-24T11:14:34Z,87322,40.30247519839892,8.585608371713503,36078,22213,solar_tower_juelich_upper,50.91368730735788,6.38720057187106,88.57810211,50.91339202508146,6.387824365439816,129.72551244167522,50.91339203683997,6.387824563513243,130.09766666666667,-1.1758515938709024e-08,-1.9807342788169533e-07,-0.3721542249914478
AB26,2022-03-24T15:20:26Z,87981,22.580593210483844,-62.36445658290462,38467,45148,solar_tower_juelich_lower,50.91368730735788,6.38720057187106,88.57810211,50.91339201879927,6.387827845631761,122.96703558153465,50.91339203683997,6.387824563513243,122.8815,-1.8040701377231017e-08,3.282118517411448e-06,0.0855355815346428
AB26,2022-03-24T16:29:32Z,88378,12.431216576173412,-77.01770790794822,37686,51370,solar_tower_juelich_lower,50.91368730735788,6.38720057187106,88.57810211,50.91339201401524,6.387829195548278,123.22253863721473,50.91339203683997,6.387824563513243,122.8815,-2.2824735879112268e-08,4.632035034646265e-06,0.3410386372147229
AB26,2022-03-25T13:11:13Z,89312,37.42693166051975,-29.05445620342543,38350,32852,solar_tower_juelich_lower,50.91368730735788,6.38720057187106,88.57810211,50.91339202424762,6.387825675282951,123.15755626953052,50.91339203683997,6.387824563513243,122.8815,-1.2592352049978215e-08,1.1117697074070063e-06,0.276056269530514
AB26,2022-03-25T14:47:37Z,89901,27.275095545140285,-55.04365653282335,38320,42173,solar_tower_juelich_lower,50.91368730735788,6.38720057187106,88.57810211,50.91339202276817,6.387826222976359,123.1383213336094,50.91339203683997,6.387824563513243,122.8815,-1.4071801501813752e-08,1.659463115366577e-06,0.2568213336093947
AB26,2022-03-25T16:01:01Z,90385,16.996716376970646,-71.46634365705293,37790,48892,solar_tower_juelich_lower,50.91368730735788,6.38720057187106,88.57810211,50.913392020122,6.387827124676355,123.1598102182198,50.91339203683997,6.387824563513243,122.8815,-1.6717969231194733e-08,2.561163111813869e-06,0.2783102182198007
AB26,2022-03-27T13:39:04Z,91014,35.70306440082635,-37.699339209080016,38005,35669,solar_tower_juelich_lower,50.91368730735788,6.38720057187106,88.57810211,50.91339201967417,6.387827210340502,123.21306975358678,50.91339203683997,6.387824563513243,122.8815,-1.7165803001262248e-08,2.646827258701024e-06,0.331569753586777
AB26,2022-03-27T15:02:59Z,91599,25.830109822460628,-59.2926608938004,37792,43675,solar_tower_juelich_lower,50.91368730735788,6.38720057187106,88.57810211,50.91339201834569,6.387827647132692,123.23706619480734,50.91339203683997,6.387824563513243,122.8815,-1.849428343803084e-08,3.0836194486738577e-06,0.3555661948073378
AB26,2022-03-27T16:06:38Z,92057,16.69078762882131,-73.25726797426128,37170,49448,solar_tower_juelich_lower,50.91368730735788,6.38720057187106,88.57810211,50.913392019955545,6.387827115038427,123.21012516123182,50.91339203683997,6.387824563513243,122.8815,-1.6884428077901248e-08,2.551525184024684e-06,0.3286251612318125
AB26,2022-03-27T17:00:07Z,92369,8.497868335841579,-84.03114042854219,36061,54060,solar_tower_juelich_lower,50.91368730735788,6.38720057187106,88.57810211,50.91339202251588,6.38782603597914,123.33489238613782,50.91339203683997,6.387824563513243,122.8815,-1.4324093911000093e-08,1.4724658967679716e-06,0.4533923861378213
AB26,2022-04-12T10:34:24Z,94169,46.02536763206021,21.93283326856061,33985,17626,solar_tower_juelich_lower,50.91368730735788,6.38720057187106,88.57810211,50.91339202429341,6.387825964092356,122.9408335004876,50.91339203683997,6.387824563513243,122.8815,-1.2546564676085836e-08,1.4005791122428946e-06,0.0593335004875967
AB26,2022-04-12T14:22:46Z,94842,35.66782502785415,-54.28300834203549,34635,40317,solar_tower_juelich_lower,50.91368730735788,6.38720057187106,88.57810211,50.913392019467565,6.387827394284495,123.13065209214837,50.91339203683997,6.387824563513243,122.8815,-1.7372407512539212e-08,2.8307712511832506e-06,0.2491520921483641
AB26,2022-04-14T11:24:47Z,95655,48.54298393432492,3.7146664687378097,34202,22882,solar_tower_juelich_lower,50.91368730735788,6.38720057187106,88.57810211,50.913392020370736,6.387827198733525,123.04030895659406,50.91339203683997,6.387824563513243,122.8815,-1.6469236641114552e-08,2.6352202819879267e-06,0.1588089565940578
AB26,2022-04-18T11:05:18Z,96352,49.57988076907799,10.825609125033411,33332,21044,solar_tower_juelich_lower,50.91368730735788,6.38720057187106,88.57810211,50.913392017994845,6.387828003864335,123.06092808693782,50.91339203683997,6.387824563513243,122.8815,-1.88451281246671e-08,3.4403510911218405e-06,0.1794280869378184
AB26,2022-04-18T12:40:17Z,97049,47.77356097147044,-24.697781263481385,33908,30581,solar_tower_juelich_lower,50.91368730735788,6.38720057187106,88.57810211,50.91339201955519,6.38782739190283,123.10947450560288,50.91339203683997,6.387824563513243,122.8815,-1.7284783382365276e-08,2.82838958653997e-06,0.227974505602873
AB26,2022-04-18T14:17:22Z,97725,37.99778876424292,-54.63200665821692,33503,39896,solar_tower_juelich_lower,50.91368730735788,6.38720057187106,88.57810211,50.913392017908045,6.387827916472504,123.1505210610366,50.91339203683997,6.387824563513243,122.8815,-1.893192802526757e-08,3.352959260460864e-06,0.2690210610365966
AB26,2022-04-18T15:29:05Z,98270,27.93851567992296,-71.90560041459763,32330,46389,solar_tower_juelich_lower,50.91368730735788,6.38720057187106,88.57810211,50.913392016738,6.38782834437919,123.13814579347414,50.91339203683997,6.387824563513243,122.8815,-2.0101978748243723e-08,3.7808659465454753e-06,0.2566457934741351
AB52,2022-04-28T11:13:03Z,100150,53.12342134196164,7.647435964188021,28527,62699,solar_tower_juelich_upper,50.91368218659373,6.388827470205547,88.75265503,50.91339202538429,6.387824514551301,129.8870574601311,50.91339203683997,6.387824563513243,130.09766666666667,-1.1455682624728073e-08,-4.896194205628036e-08,-0.2106092065355653
AB52,2022-05-03T09:10:47Z,101502,44.97073900218464,51.53750772432959,27629,53227,solar_tower_juelich_upper,50.91368218659373,6.388827470205547,88.75265503,50.9133920228433,6.387825856410935,129.85008921870525,50.91339203683997,6.387824563513243,130.09766666666667,-1.399666871293448e-08,1.2928976920179025e-06,-0.2475774479614187
AB52,2022-05-04T10:25:39Z,103767,52.72364033462105,26.614706859937414,27824,59145,solar_tower_juelich_upper,50.91368218659373,6.388827470205547,88.75265503,50.91339202193166,6.3878267499631045,130.02795213289312,50.91339203683997,6.387824563513243,130.09766666666667,-1.490831635919676e-08,2.186449861163453e-06,-0.0697145337735491
AB52,2022-05-06T08:58:42Z,107215,44.20056181435702,55.56034109744687,26924,52257,solar_tower_juelich_upper,50.91368218659373,6.388827470205547,88.75265503,50.91339201980476,6.387827828239465,129.97372669833538,50.91339203683997,6.387824563513243,130.09766666666667,-1.70352123518569e-08,3.2647262218077344e-06,-0.1239399683312854
AB52,2022-05-06T13:33:47Z,108043,47.89374289638604,-46.78567698830827,25270,72719,solar_tower_juelich_lower,50.91368218659373,6.388827470205547,88.75265503,50.913392004368426,6.3878331178655685,122.7507500834605,50.91339203683997,6.387824563513243,122.8815,-3.2471547228851705e-08,8.554352325162995e-06,-0.1307499165395
AB52,2022-05-12T06:59:20Z,108847,27.895592238300043,84.72017055415613,21337,42415,solar_tower_juelich_upper,50.91368218659373,6.388827470205547,88.75265503,50.913392013102055,6.387831917752465,130.09340161914812,50.91339203683997,6.387824563513243,130.09766666666667,-2.373791829768379e-08,7.354239222046033e-06,-0.0042650475185439
AB52,2022-05-12T08:34:45Z,109295,42.30004341493778,63.1834277835112,25455,50355,solar_tower_juelich_upper,50.91368218659373,6.388827470205547,88.75265503,50.91339202018994,6.387827940265364,130.11690507182504,50.91339203683997,6.387824563513243,130.09766666666667,-1.6650034240228706e-08,3.376752120587412e-06,0.0192384051583758
AB52,2022-05-20T11:12:00Z,113348,58.896523563978725,8.663415503911628,25353,62512,solar_tower_juelich_upper,50.91368218659373,6.388827470205547,88.75265503,50.91339203122752,6.387821426155731,129.98927498420963,50.91339203683997,6.387824563513243,130.09766666666667,-5.612456277503952e-09,-3.1373575124504782e-06,-0.1083916824570394
AB52,2022-05-25T12:47:29Z,114051,56.591935112759806,-33.53012162998273,24288,69705,solar_tower_juelich_lower,50.91368218659373,6.388827470205547,88.75265503,50.913392024644,6.3878259283811785,122.8788005494572,50.91339203683997,6.387824563513243,122.8815,-1.2195975784834444e-08,1.364867935116365e-06,-0.0026994505428064
AB52,2022-05-31T11:24:56Z,114949,61.00967344074556,3.458259760080846,25473,64286,solar_tower_juelich_lower,50.91368218659373,6.388827470205547,88.75265503,50.91339203578446,6.387821656886739,123.13060747339162,50.91339203683997,6.387824563513243,122.8815,-1.0555112339716282e-09,-2.906626503929033e-06,0.2491074733916178
AB52,2022-06-02T08:42:28Z,115775,46.37576359181883,65.00599854306012,23070,51135,solar_tower_juelich_upper,50.91368218659373,6.388827470205547,88.75265503,50.9133920359132,6.387818850967771,130.03243141173388,50.91339203683997,6.387824563513243,130.09766666666667,-9.267751011066139e-10,-5.7125454722140034e-06,-0.0652352549327872
AB52,2022-06-03T09:28:26Z,118395,52.627018812019,51.7933195384465,25313,55808,solar_tower_juelich_lower,50.91368218659373,6.388827470205547,88.75265503,50.91339203125932,6.387823045756467,123.262428466054,50.91339203683997,6.387824563513243,122.8815,-5.58065238465133e-09,-1.5177567762592048e-06,0.3809284660540015
AB52,2022-06-03T09:42:38Z,118438,54.32757476672126,47.07434184027652,25460,56882,solar_tower_juelich_lower,50.91368218659373,6.388827470205547,88.75265503,50.91339203250261,6.38782260113648,123.26556635998958,50.91339203683997,6.387824563513243,122.8815,-4.3373660219003796e-09,-1.962376763309237e-06,0.3840663599895748
AB52,2022-06-14T13:18:03Z,121225,55.9127329914478,-45.53686629386828,21978,71164,solar_tower_juelich_lower,50.91368218659373,6.388827470205547,88.75265503,50.91339202360773,6.387825954932553,123.11892208883144,50.91339203683997,6.387824563513243,122.8815,-1.323224552152169e-08,1.3914193095487803e-06,0.2374220888314369
AB52,2022-06-15T11:12:12Z,122484,62.06047176375488,11.205650276545253,23582,62168,solar_tower_juelich_upper,50.91368218659373,6.388827470205547,88.75265503,50.91339203008448,6.387822345215038,130.14096949586903,50.91339203683997,6.387824563513243,130.09766666666667,-6.755492165666511e-09,-2.2182982055696243e-06,0.0433028292023607
AB52,2022-06-16T09:29:48Z,123890,53.33629223813915,53.08936056691913,24690,55759,solar_tower_juelich_lower,50.91368218659373,6.388827470205547,88.75265503,50.9133920310933,6.387823132559554,123.24418452268765,50.91339203683997,6.387824563513243,122.8815,-5.7466706948616775e-09,-1.4309536897627595e-06,0.362684522687644
AB52,2022-06-18T14:27:06Z,125296,47.108888835929015,-66.48980702292839,17201,73936,solar_tower_juelich_upper,50.91368218659373,6.388827470205547,88.75265503,50.91339201653579,6.387829198154419,129.77826227681413,50.91339203683997,6.387824563513243,130.09766666666667,-2.0304184999986322e-08,4.634641175726983e-06,-0.3194043898525365
AB52,2022-06-22T09:11:23Z,126384,50.82455330543876,59.21232940394214,24332,54266,solar_tower_juelich_lower,50.91368218659373,6.388827470205547,88.75265503,50.91339202384541,6.387825606173266,123.30563869284973,50.91339203683997,6.387824563513243,122.8815,-1.2994568976409937e-08,1.042660022321229e-06,0.4241386928497235
AB52,2022-06-23T06:47:04Z,128538,28.942318277466,92.31172536865512,17525,43311,solar_tower_juelich_lower,50.91368218659373,6.388827470205547,88.75265503,50.91339200678886,6.387831621809077,123.33051479170068,50.91339203683997,6.387824563513243,122.8815,-3.0051111821194354e-08,7.058295834028172e-06,0.4490147917006766
AB52,2022-06-28T13:35:48Z,130543,54.17125774714484,-50.60063961599808,20117,71095,solar_tower_juelich_upper,50.91368218659373,6.388827470205547,88.75265503,50.91339202647442,6.3878243141224464,130.0948240320277,50.91339203683997,6.387824563513243,130.09766666666667,-1.0365553748670209e-08,-2.4939079690256e-07,-0.0028426346389665
AB52,2022-06-30T11:07:16Z,131491,61.60945365889255,15.056902695130525,23742,61602,solar_tower_juelich_upper,50.91368218659373,6.388827470205547,88.75265503,50.91339202902529,6.387823055790639,130.19660613242476,50.91339203683997,6.387824563513243,130.09766666666667,-7.814684011009376e-09,-1.50772260454346e-06,0.098939465758093
AB52,2022-07-01T10:23:42Z,132461,58.64849953037576,34.443025036704014,23891,58444,solar_tower_juelich_upper,50.91368218659373,6.388827470205547,88.75265503,50.91339202806586,6.387823522914157,130.15379878765222,50.91339203683997,6.387824563513243,130.09766666666667,-8.774108550824167e-09,-1.0405990860107297e-06,0.056132120985552
AB52,2022-07-02T08:32:20Z,133674,44.65580567917289,69.88772911260322,23603,51070,solar_tower_juelich_lower,50.91368218659373,6.388827470205547,88.75265503,50.91339201984351,6.387827162534898,123.20426193086702,50.91339203683997,6.387824563513243,122.8815,-1.69964664564759e-08,2.5990216547810974e-06,0.3227619308670171
AB52,2022-07-02T09:41:06Z,133998,54.03776958279669,50.19565690037364,24991,56347,solar_tower_juelich_lower,50.91368218659373,6.388827470205547,88.75265503,50.91339202959573,6.387823623281603,123.26957909070896,50.91339203683997,6.387824563513243,122.8815,-7.244246091886452e-09,-9.402316401008192e-07,0.3880790907089562
AB52,2022-07-02T13:13:32Z,134824,56.58648987705858,-42.28422571964502,22457,70699,solar_tower_juelich_lower,50.91368218659373,6.388827470205547,88.75265503,50.91339202296933,6.387826150089321,123.13984340633472,50.91339203683997,6.387824563513243,122.8815,-1.3870639747892712e-08,1.5865760776279103e-06,0.258343406334717
AB52,2022-07-03T09:50:37Z,135652,55.07207918866348,46.94899549988568,23783,55940,solar_tower_juelich_upper,50.91368218659373,6.388827470205547,88.75265503,50.91339202570009,6.387824724695083,130.08017380624864,50.91339203683997,6.387824563513243,130.09766666666667,-1.1139881905819491e-08,1.611818394309239e-07,-0.0174928604180308
AB52,2022-07-03T13:00:55Z,136602,57.80876898751541,-37.32575343586729,21674,69024,solar_tower_juelich_upper,50.91368218659373,6.388827470205547,88.75265503,50.913392025233925,6.387824860826971,130.01732895595958,50.91339203683997,6.387824563513243,130.09766666666667,-1.1606047678469622e-08,2.973137274153715e-07,-0.0803377107070844
AB52,2022-07-05T08:30:11Z,137908,44.06194281313394,70.32291324405111,22215,49653,solar_tower_juelich_upper,50.91368218659373,6.388827470205547,88.75265503,50.91339201587247,6.387830263285532,130.06235738525342,50.91339203683997,6.387824563513243,130.09766666666667,-2.0967505065527803e-08,5.699772288814131e-06,-0.035309281413248
AB52,2022-07-08T08:41:46Z,138628,45.44837405237958,67.2611309680115,22760,50502,solar_tower_juelich_upper,50.91368218659373,6.388827470205547,88.75265503,50.91339201774423,6.387829316985672,130.1098139629487,50.91339203683997,6.387824563513243,130.09766666666667,-1.9095743652997044e-08,4.753472428120631e-06,0.0121472962820234
AB52,2022-07-12T08:51:38Z,139508,46.38608004817716,64.38042402268661,24790,52369,solar_tower_juelich_lower,50.91368218659373,6.388827470205547,88.75265503,50.913392021213525,6.387826598823123,123.2624284168894,50.91339203683997,6.387824563513243,122.8815,-1.5626447691374782e-08,2.035309879744318e-06,0.3809284168894038
AB52,2022-07-12T12:05:14Z,140437,60.6104299226522,-11.91909690630501,24978,66438,solar_tower_juelich_lower,50.91368218659373,6.388827470205547,88.75265503,50.91339202849465,6.387823910195703,123.33776410105637,50.91339203683997,6.387824563513243,122.8815,-8.345324431502377e-09,-6.533175405110114e-07,0.4562641010563624
AB52,2022-07-15T09:06:55Z,141531,48.1105141434937,59.88782785428542,25394,53503,solar_tower_juelich_lower,50.91368218659373,6.388827470205547,88.75265503,50.91339202283402,6.38782611867334,123.19631408400814,50.91339203683997,6.387824563513243,122.8815,-1.4005955506490864e-08,1.5551600967000925e-06,0.3148140840081339
AB52,2022-07-17T13:13:46Z,142575,55.10686529292814,-40.10159025315014,22317,69801,solar_tower_juelich_upper,50.91368218659373,6.388827470205547,88.75265503,50.913392020426166,6.387827313516111,129.90015980300672,50.91339203683997,6.387824563513243,130.09766666666667,-1.6413807202297903e-08,2.750002868090462e-06,-0.197506863659953
AB52,2022-07-24T08:29:10Z,144497,41.359265287603165,68.51346077724048,25563,50359,solar_tower_juelich_lower,50.91368218659373,6.388827470205547,88.75265503,50.91339201578261,6.387828585578471,123.21168296250816,50.91339203683997,6.387824563513243,122.8815,-2.1057360299892025e-08,4.022065227538008e-06,0.3301829625081609
AB52,2022-07-24T10:16:51Z,145309,54.77502385356353,35.831656989348154,27086,58788,solar_tower_juelich_lower,50.91368218659373,6.388827470205547,88.75265503,50.913392030691824,6.387823268732071,123.24790875137074,50.91339203683997,6.387824563513243,122.8815,-6.148148656848207e-09,-1.2947811720565028e-06,0.3664087513707414
AB52,2022-07-24T12:46:34Z,146342,56.31654278132206,-28.59768576366584,25252,69112,solar_tower_juelich_lower,50.91368218659373,6.388827470205547,88.75265503,50.91339202531488,6.387825222767007,123.21089033584975,50.91339203683997,6.387824563513243,122.8815,-1.1525088439157116e-08,6.592537635796702e-07,0.3293903358497516
AB52,2022-07-24T14:20:11Z,147024,45.950639028931775,-59.99748339854577,21510,74478,solar_tower_juelich_lower,50.91368218659373,6.388827470205547,88.75265503,50.91339200974062,6.387830980785044,122.9904292860138,50.91339203683997,6.387824563513243,122.8815,-2.7099353872017683e-08,6.417271800174262e-06,0.1089292860138044
AB52,2022-08-03T13:36:07Z,149721,49.40105559868826,-45.03512856949583,25012,72240,solar_tower_juelich_lower,50.91368218659373,6.388827470205547,88.75265503,50.91339201303677,6.387829650920908,123.1344600296846,50.91339203683997,6.387824563513243,122.8815,-2.3803202964245432e-08,5.0874076649165545e-06,0.2529600296846013
AB52,2022-08-04T08:26:23Z,150839,38.93581202446399,66.97815219039943,27266,49967,solar_tower_juelich_lower,50.91368218659373,6.388827470205547,88.75265503,50.91339200873316,6.387831033919971,123.24501616444972,50.91339203683997,6.387824563513243,122.8815,-2.8106811100769853e-08,6.470406727743239e-06,0.3635161644497202
AB52,2022-08-08T07:40:59Z,152463,31.364735413695463,76.4423593751255,26561,46136,solar_tower_juelich_lower,50.91368218659373,6.388827470205547,88.75265503,50.91339200901912,6.387830948799661,123.23162579672416,50.91339203683997,6.387824563513243,122.8815,-2.78208531767632e-08,6.385286417831537e-06,0.3501257967241571
AB52,2022-08-08T08:26:38Z,152673,38.15861940389138,65.95629670276271,28035,49981,solar_tower_juelich_lower,50.91368218659373,6.388827470205547,88.75265503,50.91339201432167,6.387829119630158,123.19714883975249,50.91339203683997,6.387824563513243,122.8815,-2.2518307218888367e-08,4.556116914855579e-06,0.3156488397524839
AB52,2022-08-08T09:10:12Z,152888,44.107419727312056,54.50782024221947,28833,53576,solar_tower_juelich_lower,50.91368218659373,6.388827470205547,88.75265503,50.913392022037954,6.387826354552289,123.22853729301023,50.91339203683997,6.387824563513243,122.8815,-1.4802019165927053e-08,1.7910390459618952e-06,0.3470372930102314
AB52,2022-08-08T09:49:53Z,153096,48.78289281312138,42.43154999904653,29178,56751,solar_tower_juelich_lower,50.91368218659373,6.388827470205547,88.75265503,50.91339202615424,6.387824868118877,123.25095436847128,50.91339203683997,6.387824563513243,122.8815,-1.0685731410831067e-08,3.046056340494374e-07,0.3694543684712812
AB52,2022-08-08T10:36:16Z,153280,52.891284682053694,25.984584587320303,29210,60315,solar_tower_juelich_lower,50.91368218659373,6.388827470205547,88.75265503,50.9133920279512,6.387824173639848,123.29064905156554,50.91339203683997,6.387824563513243,122.8815,-8.888775937521132e-09,-3.898733957896641e-07,0.4091490515655351
AB52,2022-08-08T11:14:47Z,153480,54.794266621646685,10.599948322743836,28964,63148,solar_tower_juelich_lower,50.91368218659373,6.388827470205547,88.75265503,50.91339202660543,6.387824654999602,123.28740417263988,50.91339203683997,6.387824563513243,122.8815,-1.023454387905076e-08,9.14863589329684e-08,0.4059041726398789
AB52,2022-08-08T11:52:14Z,153679,55.072000250134906,-5.073819190783709,28496,65773,solar_tower_juelich_lower,50.91368218659373,6.388827470205547,88.75265503,50.91339202382407,6.387825638791693,123.28812376305626,50.91339203683997,6.387824563513243,122.8815,-1.3015899469337457e-08,1.0752784493917034e-06,0.4066237630562597
AB52,2022-08-08T12:26:51Z,153804,53.91141115283485,-19.28131090382258,27848,68086,solar_tower_juelich_lower,50.91368218659373,6.388827470205547,88.75265503,50.913392020324814,6.387826944373714,123.23964886671726,50.91339203683997,6.387824563513243,122.8815,-1.6515159018126724e-08,2.380860470552193e-06,0.3581488667172579
AB52,2022-08-08T12:56:07Z,153891,51.96248498923724,-30.502667628230096,27123,69951,solar_tower_juelich_lower,50.91368218659373,6.388827470205547,88.75265503,50.91339201697398,6.387828166524933,123.21062200231007,50.91339203683997,6.387824563513243,122.8815,-1.9865993294843065e-08,3.603011689889968e-06,0.329122002310072
AB52,2022-08-08T13:24:45Z,154036,49.33417153125428,-40.53858473000991,26227,71693,solar_tower_juelich_lower,50.91368218659373,6.388827470205547,88.75265503,50.9133920149373,6.387828968740583,123.14526132919477,50.91339203683997,6.387824563513243,122.8815,-2.1902671676343743e-08,4.405227339354667e-06,0.2637613291947644
AB52,2022-08-08T13:52:40Z,154192,46.220173754567,-49.38551924583357,25154,73306,solar_tower_juelich_lower,50.91368218659373,6.388827470205547,88.75265503,50.91339200910923,6.387831082007599,123.0923261961014,50.91339203683997,6.387824563513243,122.8815,-2.7730742147014098e-08,6.51849435584495e-06,0.2108261961013937
AB52,2022-08-08T14:18:51Z,154339,42.91490743121561,-56.902736244617785,23924,74742,solar_tower_juelich_lower,50.91368218659373,6.388827470205547,88.75265503,50.913391998557,6.387834529560742,123.34299942552192,50.91339203683997,6.387824563513243,122.8815,-3.8282976788650564e-08,9.966047498366493e-06,0.4614994255219216
AB52,2022-08-09T09:01:30Z,154963,42.75518318810323,56.6785585385364,28898,52871,solar_tower_juelich_lower,50.91368218659373,6.388827470205547,88.75265503,50.91339201848458,6.387827664287588,123.1875234263739,50.91339203683997,6.387824563513243,122.8815,-1.8355393649471807e-08,3.100774344844126e-06,0.3060234263738977
AB52,2022-08-09T10:49:13Z,155533,53.43069731517474,20.791230193742155,29318,61299,solar_tower_juelich_lower,50.91368218659373,6.388827470205547,88.75265503,50.91339203089681,6.387823237217273,123.22121633314616,50.91339203683997,6.387824563513243,122.8815,-5.9431641830087756e-09,-1.3262959699389398e-06,0.339716333146157
AB52,2022-08-11T13:16:02Z,156346,49.356977923485005,-37.1999620858568,27025,71252,solar_tower_juelich_lower,50.91368218659373,6.388827470205547,88.75265503,50.91339201677837,6.38782832895918,123.13907781184388,50.91339203683997,6.387824563513243,122.8815,-2.0061598604570463e-08,3.7654459363878345e-06,0.2575778118438734
AB52,2022-08-16T07:33:01Z,157545,28.499385758316244,76.1078879209954,28133,45366,solar_tower_juelich_lower,50.91368218659373,6.388827470205547,88.75265503,50.91339200351708,6.387832962029568,123.16836012804328,50.91339203683997,6.387824563513243,122.8815,-3.3322891113130026e-08,8.398516325058836e-06,0.2868601280432727
AB52,2022-08-16T10:37:47Z,158275,50.768534226855415,23.82613547215721,30555,60566,solar_tower_juelich_lower,50.91368218659373,6.388827470205547,88.75265503,50.91339202506633,6.387825206010794,123.28323272106552,50.91339203683997,6.387824563513243,122.8815,-1.1773643393553357e-08,6.424975502739017e-07,0.4017327210655139
AB52,2022-08-19T11:47:50Z,159285,51.73210013914658,-3.835016322767105,30406,65729,solar_tower_juelich_lower,50.91368218659373,6.388827470205547,88.75265503,50.9133920206256,6.387826780236728,123.28169510695112,50.91339203683997,6.387824563513243,122.8815,-1.6214379172652116e-08,2.216723484771421e-06,0.4001951069511165
AB52,2022-08-23T11:03:22Z,159918,49.862045757742784,12.89452302900301,31649,62651,solar_tower_juelich_lower,50.91368218659373,6.388827470205547,88.75265503,50.91339202265117,6.387826096895074,123.25777188086896,50.91339203683997,6.387824563513243,122.8815,-1.4188799468684012e-08,1.533381830398639e-06,0.3762718808689556
AB52,2022-08-25T08:57:00Z,160491,38.29559224015953,53.4092818318582,32086,52684,solar_tower_juelich_lower,50.91368218659373,6.388827470205547,88.75265503,50.91339201972193,6.38782730996282,123.12684463480132,50.91339203683997,6.387824563513243,122.8815,-1.7118040318564454e-08,2.7464495770956887e-06,0.245344634801313
AB52,2022-08-29T10:09:32Z,161200,44.78686715751831,30.589470444773703,33110,58718,solar_tower_juelich_lower,50.91368218659373,6.388827470205547,88.75265503,50.91339202725823,6.387824459486818,123.26336333934736,50.91339203683997,6.387824563513243,122.8815,-9.581746951425885e-09,-1.0402642569573572e-07,0.3818633393473618
AB52,2022-08-30T09:27:45Z,161490,40.534996825682285,43.28694050458024,31726,54274,solar_tower_juelich_upper,50.91368218659373,6.388827470205547,88.75265503,50.91339201404512,6.387831129353214,129.9965761536119,50.91339203683997,6.387824563513243,130.09766666666667,-2.27948504516462e-08,6.565839970384957e-06,-0.1010905130547712
AB52,2022-09-02T07:34:19Z,162819,24.799480447116057,70.82657309413165,32798,45619,solar_tower_juelich_lower,50.91368218659373,6.388827470205547,88.75265503,50.91339200441421,6.387832772821846,123.05376330241592,50.91339203683997,6.387824563513243,122.8815,-3.2425759854959324e-08,8.20930860268021e-06,0.1722633024159137
AB52,2022-09-04T08:06:50Z,163984,28.999780318850725,62.8518207962815,33912,48595,solar_tower_juelich_lower,50.91368218659373,6.388827470205547,88.75265503,50.91339201087579,6.387830477771193,123.07909114847698,50.91339203683997,6.387824563513243,122.8815,-2.5964183691939986e-08,5.914257950045965e-06,0.1975911484769739
AB52,2022-09-04T10:48:23Z,164640,45.20761929619669,15.993561130140678,34086,61920,solar_tower_juelich_lower,50.91368218659373,6.388827470205547,88.75265503,50.91339202727837,6.387824505542397,123.2273961758196,50.91339203683997,6.387824563513243,122.8815,-9.561603064867086e-09,-5.797084590142276e-08,0.3458961758196039
AB52,2022-09-06T08:24:41Z,165339,30.911776712335083,57.954784778131895,33836,50264,solar_tower_juelich_lower,50.91368218659373,6.388827470205547,88.75265503,50.913391964300416,6.38784732127734,121.99371622073984,50.91339203683997,6.387824563513243,122.8815,-7.253955658370614e-08,2.2757764096326127e-05,-0.887783779260161
AB52,2022-09-06T10:22:13Z,165806,43.10293887977661,24.381331758359337,33921,59972,solar_tower_juelich_lower,50.91368218659373,6.388827470205547,88.75265503,50.91339196143337,6.387848320495055,121.895612796148,50.91339203683997,6.387824563513243,122.8815,-7.54066036279255e-08,2.375698181111829e-05,-0.985887203852002
AB52,2022-09-08T07:59:50Z,165856,26.98173253414254,63.20897160189552,34825,48114,solar_tower_juelich_lower,50.91368218659373,6.388827470205547,88.75265503,50.91339204210475,6.3878184542244085,123.69503425871474,50.91339203683997,6.387824563513243,122.8815,5.2647806114691775e-09,-6.109288834821314e-06,0.8135342587147392
AB52,2022-09-29T08:31:15Z,166715,25.147940503550288,49.29406613651148,40183,51847,solar_tower_juelich_lower,50.91368218659373,6.388827470205547,88.75265503,50.91339205687065,6.387812292553882,124.10152685063228,50.91339203683997,6.387824563513243,122.8815,2.0030675784710184e-08,-1.2270959361515564e-05,1.22002685063228
AB52,2022-09-29T11:08:47Z,167364,36.49790040975421,4.97205257681397,38915,64456,solar_tower_juelich_lower,50.91368218659373,6.388827470205547,88.75265503,50.91339203850017,6.387820405979429,123.30994367382428,50.91339203683997,6.387824563513243,122.8815,1.660197312958189e-09,-4.15753381410866e-06,0.428443673824276
AB52,2022-10-04T09:57:56Z,168231,31.74873035081685,25.22255101131504,40609,59269,solar_tower_juelich_lower,50.91368218659373,6.388827470205547,88.75265503,50.9133920400906,6.38781968088657,123.40511488676997,50.91339203683997,6.387824563513243,122.8815,3.250626434692094e-09,-4.882626673641255e-06,0.5236148867699626
AB52,2022-10-04T13:06:20Z,168891,30.39073824357188,-30.18118929589847,38398,72561,solar_tower_juelich_lower,50.91368218659373,6.388827470205547,88.75265503,50.913392027964726,6.387824541689896,123.03849550985684,50.91339203683997,6.387824563513243,122.8815,-8.875247203832261e-09,-2.1823347573501906e-08,0.1569955098568414
AB52,2022-10-07T09:09:02Z,169959,26.72420744037161,37.73313406096666,41696,55463,solar_tower_juelich_lower,50.91368218659373,6.388827470205547,88.75265503,50.91339204261117,6.387818785807926,123.4039543846112,50.91339203683997,6.387824563513243,122.8815,5.771198630100116e-09,-5.7777053177332505e-06,0.5224543846111942
AB52,2022-10-07T09:41:50Z,170205,29.55888785686204,29.05249793330985,41383,58124,solar_tower_juelich_lower,50.91368218659373,6.388827470205547,88.75265503,50.91339203256069,6.387822423660039,123.36544896994567,50.91339203683997,6.387824563513243,122.8815,-4.279279153251991e-09,-2.139853204852216e-06,0.483948969945672
AB52,2022-10-07T10:12:32Z,170342,31.577506192255903,20.49463917784095,41093,60545,solar_tower_juelich_lower,50.91368218659373,6.388827470205547,88.75265503,50.91339203652017,6.387821062907984,123.33736104468494,50.91339203683997,6.387824563513243,122.8815,-3.198010745109059e-10,-3.500605258999201e-06,0.4558610446849371
AB52,2022-10-07T10:42:31Z,170535,32.88389084357314,11.809881675018786,40807,62830,solar_tower_juelich_lower,50.91368218659373,6.388827470205547,88.75265503,50.91339203446769,6.387821936173606,123.24664277290796,50.91339203683997,6.387824563513243,122.8815,-2.372281926454889e-09,-2.6273396374065783e-06,0.3651427729079586
AB52,2022-10-07T11:12:08Z,170691,33.478836961661365,3.0321955371228366,40497,65010,solar_tower_juelich_lower,50.91368218659373,6.388827470205547,88.75265503,50.91339203572899,6.387821427614097,123.28554949608592,50.91339203683997,6.387824563513243,122.8815,-1.110983305352419e-09,-3.135899146577969e-06,0.4040494960859178
AB52,2022-10-07T11:59:23Z,170822,32.947673963215195,-11.01432602537668,39962,68318,solar_tower_juelich_lower,50.91368218659373,6.388827470205547,88.75265503,50.913392035037965,6.387821789466652,123.21231999784132,50.91339203683997,6.387824563513243,122.8815,-1.80200743216119e-09,-2.774046591547119e-06,0.3308199978413171
AB52,2022-10-07T12:28:02Z,170945,31.75855951783405,-19.335627131446845,39608,70227,solar_tower_juelich_lower,50.91368218659373,6.388827470205547,88.75265503,50.913392030252886,6.387823647228155,123.10053278579284,50.91339203683997,6.387824563513243,122.8815,-6.587086431864009e-09,-9.16285088692348e-07,0.2190327857928338
AB52,2022-10-11T09:41:46Z,171902,28.192018796844263,28.247850671457662,40492,57323,solar_tower_juelich_upper,50.91368218659373,6.388827470205547,88.75265503,50.91339203941884,6.387817505007446,130.48822948280633,50.91339203683997,6.387824563513243,130.09766666666667,2.57886512144978e-09,-7.058505797630232e-06,0.3905628161396635
AB52,2022-10-12T12:25:25Z,172972,29.97344779241078,-18.52323403038519,40689,70217,solar_tower_juelich_lower,50.91368218659373,6.388827470205547,88.75265503,50.91339202933111,6.387824113990432,123.00418317225088,50.91339203683997,6.387824563513243,122.8815,-7.508859312110872e-09,-4.495228109746563e-07,0.1226831722508734
AB52,2022-10-27T09:36:33Z,176120,22.53800374233703,26.966667649945464,45716,58757,solar_tower_juelich_lower,50.91368218659373,6.388827470205547,88.75265503,50.91339205567399,6.387816617439039,122.05561580645278,50.91339203683997,6.387824563513243,122.8815,1.883401523627981e-08,-7.94607420395721e-06,-0.8258841935472248
AB52,2022-11-10T11:00:20Z,177392,21.81149259241585,4.63410443997192,46614,65030,solar_tower_juelich_lower,50.91368218659373,6.388827470205547,88.75265503,50.91339202562119,6.387825324171093,123.06527867511602,50.91339203683997,6.387824563513243,122.8815,-1.1218787676625652e-08,7.606578495966687e-07,0.1837786751160166
AB52,2023-02-13T10:40:22Z,181736,24.04487066972412,18.20546079536357,43441,60229,solar_tower_juelich_upper,50.91368218659373,6.388827470205547,88.75265503,50.91339202387862,6.3878253648686405,129.89153969370463,50.91339203683997,6.387824563513243,130.09766666666667,-1.2961351103513152e-08,8.013553971508713e-07,-0.2061269729620392
AB52,2023-02-13T12:53:31Z,182348,24.23473775623423,-17.345379773375534,42103,69715,solar_tower_juelich_upper,50.91368218659373,6.388827470205547,88.75265503,50.91339201366362,6.387830150044978,129.51748413779308,50.91339203683997,6.387824563513243,130.09766666666667,-2.317635505733051e-08,5.58653173499124e-06,-0.5801825288735927
AB52,2023-02-14T10:17:10Z,183130,23.0463089529213,24.27216320622679,43559,58418,solar_tower_juelich_upper,50.91368218659373,6.388827470205547,88.75265503,50.913392029677446,6.387822289041697,129.98339894165946,50.91339203683997,6.387824563513243,130.09766666666667,-7.1625265718466835e-09,-2.274471546215296e-06,-0.1142677250072097
AB52,2023-02-14T12:45:43Z,184069,24.909289928881297,-15.370151407314976,42001,69188,solar_tower_juelich_upper,50.91368218659373,6.388827470205547,88.75265503,50.91339201321937,6.387830500311817,129.56278246684113,50.91339203683997,6.387824563513243,130.09766666666667,-2.362060058658244e-08,5.936798573635826e-06,-0.5348841998255409
AB52,2023-02-16T14:08:55Z,185244,19.836402935605847,-36.67220755832159,40687,74348,solar_tower_juelich_upper,50.91368218659373,6.388827470205547,88.75265503,50.91339200345539,6.387834716582442,129.170954421156,50.91339203683997,6.387824563513243,130.09766666666667,-3.3384580433448725e-08,1.015306919871506e-05,-0.9267122455106572
AB52,2023-02-28T14:24:44Z,190128,22.08065798646992,-42.75316442420803,37661,75219,solar_tower_juelich_upper,50.91368218659373,6.388827470205547,88.75265503,50.91339200327702,6.387834929795954,129.2149307856356,50.91339203683997,6.387824563513243,130.09766666666667,-3.3562955081833934e-08,1.0366282710450037e-05,-0.882735881031067
AB52,2023-03-01T13:10:56Z,190660,28.792617095316817,-23.947875658487742,38700,70736,solar_tower_juelich_upper,50.91368218659373,6.388827470205547,88.75265503,50.91339201135795,6.387831493367876,129.55534095070402,50.91339203683997,6.387824563513243,130.09766666666667,-2.548202360230789e-08,6.929854632353738e-06,-0.5423257159626473
AB52,2023-03-01T14:09:59Z,190937,23.92661406038934,-39.36248236468345,37699,74361,solar_tower_juelich_upper,50.91368218659373,6.388827470205547,88.75265503,50.91339200494249,6.387834550816338,129.40090251012543,50.91339203683997,6.387824563513243,130.09766666666667,-3.1897485541776405e-08,9.987303094760591e-06,-0.696764156541235
AB52,2023-03-02T11:59:54Z,191975,31.84036478410501,-3.880013150749209,39438,65920,solar_tower_juelich_upper,50.91368218659373,6.388827470205547,88.75265503,50.91339202399692,6.387825094378488,129.79105731085733,50.91339203683997,6.387824563513243,130.09766666666667,-1.2843052843436452e-08,5.308652442082007e-07,-0.3066093558093428
AB52,2023-05-15T10:39:45Z,206803,56.39751387042601,22.1925007914238,26215,60207,solar_tower_juelich_upper,50.91368218659373,6.388827470205547,88.75265503,50.91339202808407,6.3878233931696045,130.09201514633196,50.91339203683997,6.387824563513243,130.09766666666667,-8.755904445933993e-09,-1.1703436388899036e-06,-0.0056515203347089
AB52,2023-05-15T12:26:33Z,207277,56.12474822653475,-24.12184013601791,24695,67613,solar_tower_juelich_upper,50.91368218659373,6.388827470205547,88.75265503,50.913392022292655,6.3878264881857065,130.0015278107307,50.91339203683997,6.387824563513243,130.09766666666667,-1.4547318016866484e-08,1.9246724631827306e-06,-0.0961388559359761
AB52,2023-05-16T13:49:48Z,208328,48.06931154954418,-53.6606070291836,21589,72595,solar_tower_juelich_upper,50.91368218659373,6.388827470205547,88.75265503,50.91339201395947,6.38783066005708,129.79263677132934,50.91339203683997,6.387824563513243,130.09766666666667,-2.288050637844208e-08,6.096543836875412e-06,-0.3050298953373271
AB52,2023-06-01T10:41:12Z,212592,59.473816727586,23.781277838803984,25764,61223,solar_tower_juelich_lower,50.91368218659373,6.388827470205547,88.75265503,50.91339203084885,6.387823127605703,123.3035580834888,50.91339203683997,6.387824563513243,122.8815,-5.991118712245225e-09,-1.4359075404257735e-06,0.4220580834887926
AB52,2023-06-01T10:45:16Z,212603,59.72333796139662,21.98639190146861,25748,61514,solar_tower_juelich_lower,50.91368218659373,6.388827470205547,88.75265503,50.91339202982913,6.387823482006191,123.30808689592271,50.91339203683997,6.387824563513243,122.8815,-7.010839908616617e-09,-1.0815070528025217e-06,0.4265868959227106
AB52,2023-06-02T14:28:46Z,213350,45.46657232156795,-66.65472390517299,18945,75146,solar_tower_juelich_lower,50.91368218659373,6.388827470205547,88.75265503,50.91339200400253,6.3878329790467925,122.99704487312331,50.91339203683997,6.387824563513243,122.8815,-3.2837441210631375e-08,8.415533549133158e-06,0.1155448731233121
AB52,2023-06-04T11:53:08Z,214182,61.25406204342862,-9.818960554736568,23499,65141,solar_tower_juelich_upper,50.91368218659373,6.388827470205547,88.75265503,50.91339202373094,6.387825835996137,130.076723976376,50.91339203683997,6.387824563513243,130.09766666666667,-1.3109030305713532e-08,1.2724828932775267e-06,-0.020942690290667
AB52,2023-06-12T07:27:16Z,216758,35.43671117947152,83.65016541903474,20863,46404,solar_tower_juelich_lower,50.91368218659373,6.388827470205547,88.75265503,50.91339202180382,6.387826471105358,123.20415890305524,50.91339203683997,6.387824563513243,122.8815,-1.503615010278736e-08,1.907592114491763e-06,0.3226589030552418
AB52,2023-06-12T10:13:23Z,217727,58.12540257315673,36.99274676750096,25156,59073,solar_tower_juelich_lower,50.91368218659373,6.388827470205547,88.75265503,50.91339203000812,6.38782352039327,123.24133350435304,50.91339203683997,6.387824563513243,122.8815,-6.831854193478648e-09,-1.0431199735094765e-06,0.3598335043530341
AB52,2023-06-12T13:58:22Z,219088,50.73864961934329,-58.6530101604282,20224,73422,solar_tower_juelich_lower,50.91368218659373,6.388827470205547,88.75265503,50.91339200893841,6.387831268241343,122.98433714997115,50.91339203683997,6.387824563513243,122.8815,-2.7901563726118184e-08,6.704728099826696e-06,0.1028371499711511
AB52,2023-06-13T09:03:34Z,220119,49.84701780141978,60.67865728288918,22962,52669,solar_tower_juelich_upper,50.91368218659373,6.388827470205547,88.75265503,50.91339201957755,6.387827970820154,129.9801154332292,50.91339203683997,6.387824563513243,130.09766666666667,-1.7262422602470906e-08,3.4073069103968123e-06,-0.1175512334374673
AB52,2023-06-13T10:40:44Z,220699,60.40741195173253,25.617472156426665,23821,59980,solar_tower_juelich_upper,50.91368218659373,6.388827470205547,88.75265503,50.91339202569967,6.387824631974292,130.0343257518749,50.91339203683997,6.387824563513243,130.09766666666667,-1.1140308231460952e-08,6.846104838587054e-08,-0.0633409147917802
AB52,2023-06-13T11:30:07Z,220926,62.291092488287,2.160106625576412,23454,63447,solar_tower_juelich_upper,50.91368218659373,6.388827470205547,88.75265503,50.91339202408288,6.387825541490465,130.03180991269494,50.91339203683997,6.387824563513243,130.09766666666667,-1.2757091383264196e-08,9.77977221872095e-07,-0.0658567539717296
AB52,2023-06-13T12:12:33Z,221242,61.339278024985006,-18.4594192343504,22720,66266,solar_tower_juelich_upper,50.91368218659373,6.388827470205547,88.75265503,50.913392021753545,6.387826750816217,129.98262756159696,50.91339203683997,6.387824563513243,130.09766666666667,-1.5086428106769745e-08,2.187302973410965e-06,-0.1150391050697123
AB52,2023-06-16T14:11:46Z,223692,49.17298889060489,-62.42552540538679,19418,74056,solar_tower_juelich_lower,50.91368218659373,6.388827470205547,88.75265503,50.913392012319306,6.387830048918092,123.01558541373448,50.91339203683997,6.387824563513243,122.8815,-2.452066638625185e-08,5.485404848570852e-06,0.134085413734482
AB52,2023-07-06T06:57:16Z,226231,29.62754931643332,90.26839137950782,18769,43716,solar_tower_juelich_lower,50.91368218659373,6.388827470205547,88.75265503,50.91339201559448,6.387828434291664,123.3789853573241,50.91339203683997,6.387824563513243,122.8815,-2.1245497805466584e-08,3.8707784204561335e-06,0.4974853573240949
AB52,2023-07-06T07:07:24Z,226272,31.222112100473904,88.28985546627041,19558,44459,solar_tower_juelich_lower,50.91368218659373,6.388827470205547,88.75265503,50.91339201639717,6.387828164866844,123.36691354468708,50.91339203683997,6.387824563513243,122.8815,-2.044280478230576e-08,3.6013536002243995e-06,0.4854135446870771
AB52,2023-07-06T11:51:00Z,227105,61.6850885895895,-5.733466238635087,24784,65544,solar_tower_juelich_lower,50.91368218659373,6.388827470205547,88.75265503,50.91339202328174,6.387825870316308,123.26030842181972,50.91339203683997,6.387824563513243,122.8815,-1.3558235423261069e-08,1.306803064871076e-06,0.3788084218197127
AB52,2023-07-07T07:00:12Z,227454,29.988116779953543,89.65053618776541,19057,43880,solar_tower_juelich_lower,50.91368218659373,6.388827470205547,88.75265503,50.91339201496099,6.387828442027904,123.54493347279944,50.91339203683997,6.387824563513243,122.8815,-2.1878982181533505e-08,3.878514660549115e-06,0.66343347279944
AB52,2023-07-07T09:23:32Z,227947,51.3644761663223,55.66939142552576,25008,54941,solar_tower_juelich_lower,50.91368218659373,6.388827470205547,88.75265503,50.91339202529301,6.387825069779527,123.3217104494462,50.91339203683997,6.387824563513243,122.8815,-1.1546966049991173e-08,5.062662840060739e-07,0.440210449446198
AB52,2023-07-07T10:02:09Z,228121,55.9719621063738,42.76054018604176,25413,57859,solar_tower_juelich_lower,50.91368218659373,6.388827470205547,88.75265503,50.9133920284511,6.387823921302456,123.34064464466375,50.91339203683997,6.387824563513243,122.8815,-8.388873595777113e-09,-6.422107876602468e-07,0.4591446446637519
AB52,2023-07-07T12:35:27Z,228798,59.6457860483973,-26.255120130228267,23917,68391,solar_tower_juelich_lower,50.91368218659373,6.388827470205547,88.75265503,50.91339201932952,6.38782729465599,123.24068310072894,50.91339203683997,6.387824563513243,122.8815,-1.7510458860670042e-08,2.731142746625892e-06,0.3591831007289414
AB52,2023-08-10T09:28:03Z,234482,45.90951069570919,48.85307558195181,29323,55032,solar_tower_juelich_lower,50.91368218659373,6.388827470205547,88.75265503,50.91339203122614,6.387823246456613,123.13927102092175,50.91339203683997,6.387824563513243,122.8815,-5.613834730411327e-09,-1.317056629979163e-06,0.2577710209217514
AB52,2023-08-10T10:07:01Z,234686,50.057631396634974,36.255801471190246,29515,58109,solar_tower_juelich_lower,50.91368218659373,6.388827470205547,88.75265503,50.91339203241138,6.38782280139298,123.15748375067,50.91339203683997,6.387824563513243,122.8815,-4.428592603744619e-09,-1.762120263038014e-06,0.2759837506699938
AB52,2023-09-04T14:09:23Z,243612,35.67581194996547,-50.16320796946621,29831,75135,solar_tower_juelich_lower,50.91368218659373,6.388827470205547,88.75265503,50.9133920082682,6.3878317230410415,122.7914205148172,50.91339203683997,6.387824563513243,122.8815,-2.8571776056196544e-08,7.15952779817286e-06,-0.0900794851827981
AB52,2023-09-05T09:41:55Z,244133,40.25532584480805,37.40177626361241,34545,56723,solar_tower_juelich_lower,50.91368218659373,6.388827470205547,88.75265503,50.91339203331863,6.38782246434126,123.16879799279592,50.91339203683997,6.387824563513243,122.8815,-3.521343217016692e-09,-2.099171983793724e-06,0.2872979927959136
AB52,2023-09-06T11:20:52Z,245422,45.47059409987392,4.2673366363008975,34105,64372,solar_tower_juelich_lower,50.91368218659373,6.388827470205547,88.75265503,50.913392030857054,6.387823334989612,123.16640233491218,50.91339203683997,6.387824563513243,122.8815,-5.982919049074553e-09,-1.2285236312692405e-06,0.2849023349121751
AB52,2023-09-11T11:45:45Z,248259,43.55280255297719,-5.012523371796216,34784,66363,solar_tower_juelich_lower,50.91368218659373,6.388827470205547,88.75265503,50.91339203675715,6.387821302674362,123.1381827323316,50.91339203683997,6.387824563513243,122.8815,-8.282086128019728e-11,-3.2608388815802414e-06,0.2566827323315976
AB52,2023-09-15T09:22:39Z,250418,35.23233971094571,40.07439806668134,36762,55518,solar_tower_juelich_lower,50.91368218659373,6.388827470205547,88.75265503,50.91339202531682,6.387825441179505,123.05805300584204,50.91339203683997,6.387824563513243,122.8815,-1.1523155762915849e-08,8.776662614451425e-07,0.1765530058420381
AB52,2023-09-15T09:36:54Z,250497,36.6124820291876,36.02563370907233,36713,56701,solar_tower_juelich_lower,50.91368218659373,6.388827470205547,88.75265503,50.91339203268188,6.387822813143281,123.0883013890107,50.91339203683997,6.387824563513243,122.8815,-4.158096089668106e-09,-1.7503699627496871e-06,0.2068013890106925
AB52,2023-09-15T09:51:20Z,250548,37.87738250415829,31.78728077662102,36649,57874,solar_tower_juelich_lower,50.91368218659373,6.388827470205547,88.75265503,50.91339203588322,6.3878216561975325,123.10927508780064,50.91339203683997,6.387824563513243,122.8815,-9.567528991283323e-10,-2.907315710842795e-06,0.2277750878006372
AB52,2023-09-15T10:19:46Z,250640,39.93385557901269,23.052912963115045,36481,60132,solar_tower_juelich_lower,50.91368218659373,6.388827470205547,88.75265503,50.9133920389347,6.387820544492305,123.13348813972851,50.91339203683997,6.387824563513243,122.8815,2.094729723012278e-09,-4.019020938272888e-06,0.2519881397285104
AB52,2023-09-15T10:36:12Z,250734,40.83330898959827,17.797477112625412,36354,61406,solar_tower_juelich_lower,50.91368218659373,6.388827470205547,88.75265503,50.91339203546819,6.387821838750704,123.08609413529598,50.91339203683997,6.387824563513243,122.8815,-1.371780911085807e-09,-2.7247625391524366e-06,0.2045941352959772
AB52,2023-09-15T11:01:55Z,250824,41.77766048482457,9.340713352782984,36117,63348,solar_tower_juelich_lower,50.91368218659373,6.388827470205547,88.75265503,50.91339203684888,6.387821368966766,123.0769182546972,50.91339203683997,6.387824563513243,122.8815,8.903100479074055e-12,-3.1945464771254706e-06,0.1954182546972021
AB52,2023-09-15T11:18:32Z,250914,42.07239298963741,3.7784542343462095,35937,64566,solar_tower_juelich_lower,50.91368218659373,6.388827470205547,88.75265503,50.913392035559234,6.387821789249793,123.097156639961,50.91339203683997,6.387824563513243,122.8815,-1.2807390703528654e-09,-2.7742634500782515e-06,0.2156566399609971
AB52,2023-09-26T08:01:00Z,252575,22.286153082228264,57.37670565028436,37200,47431,solar_tower_juelich_upper,50.91368218659373,6.388827470205547,88.75265503,50.91339200852839,6.387838880916513,131.4209070469267,50.91339203683997,6.387824563513243,130.09766666666667,-2.8311582411788566e-08,1.4317403270069916e-05,1.3232403802600174
AB52,2023-09-26T08:12:21Z,252593,23.76537632250756,54.748023735549815,37795,49134,solar_tower_juelich_upper,50.91368218659373,6.388827470205547,88.75265503,50.91339205047601,6.387810068332803,129.29750048210215,50.91339203683997,6.387824563513243,130.09766666666667,1.3636039852826798e-08,-1.4495180439944022e-05,-0.8001661845645174
AB52,2023-09-26T08:39:27Z,252695,27.09647817418992,48.218316055438265,37582,51251,solar_tower_juelich_upper,50.91368218659373,6.388827470205547,88.75265503,50.91339202915746,6.387823164718997,130.29290015897072,50.91339203683997,6.387824563513243,130.09766666666667,-7.682508851303282e-09,-1.3987942466542336e-06,0.1952334923040553
AB52,2023-09-26T09:13:40Z,252829,30.81861222336538,39.415839856673614,37511,54222,solar_tower_juelich_upper,50.91368218659373,6.388827470205547,88.75265503,50.9133920215382,6.387826450448963,129.7881567078418,50.91339203683997,6.387824563513243,130.09766666666667,-1.5301772293696558e-08,1.8869357196749093e-06,-0.3095099588248615
AB52,2023-09-26T10:08:15Z,253099,35.32989427246628,24.02493992057484,37229,58727,solar_tower_juelich_upper,50.91368218659373,6.388827470205547,88.75265503,50.91339202402641,6.387825137528597,129.8205049320282,50.91339203683997,6.387824563513243,130.09766666666667,-1.2813565319902407e-08,5.740153534716796e-07,-0.2771617346384687
AB52,2023-10-06T09:22:28Z,253912,28.37797850055782,34.52483162923568,41374,56499,solar_tower_juelich_lower,50.91368218659373,6.388827470205547,88.75265503,50.9133920322388,6.3878231127016925,122.99404401325712,50.91339203683997,6.387824563513243,122.8815,-4.6011763288333896e-09,-1.4508115508959918e-06,0.1125440132571213
AB52,2023-10-10T12:54:51Z,254859,29.03599447017964,-26.73761436957265,39829,72020,solar_tower_juelich_lower,50.91368218659373,6.388827470205547,88.75265503,50.91339203251729,6.387823202212868,122.8709510796084,50.91339203683997,6.387824563513243,122.8815,-4.322686208979576e-09,-1.3613003755352793e-06,-0.0105489203915993
AB52,2023-10-10T13:10:49Z,254948,27.817632676021027,-31.027146376094265,39603,73005,solar_tower_juelich_lower,50.91368218659373,6.388827470205547,88.75265503,50.91339203005047,6.387824114557157,122.8336831584472,50.91339203683997,6.387824563513243,122.8815,-6.789505846427346e-09,-4.4895608652950614e-07,-0.0478168415528017
AB52,2023-10-17T10:24:52Z,256031,28.70959193023896,15.511417565597926,42925,61878,solar_tower_juelich_lower,50.91368218659373,6.388827470205547,88.75265503,50.91339203347994,6.38782274320268,122.95224444432677,50.91339203683997,6.387824563513243,122.8815,-3.360035805144434e-09,-1.8203105636160897e-06,0.0707444443267633
AB52,2023-10-17T10:40:29Z,256116,29.27275359664637,11.1536274072719,42753,63046,solar_tower_juelich_lower,50.91368218659373,6.388827470205547,88.75265503,50.91339203280951,6.387822989338766,122.94421018154644,50.91339203683997,6.387824563513243,122.8815,-4.0304612980435195e-09,-1.5741744769925958e-06,0.0627101815464357
AB52,2023-10-17T10:54:51Z,256191,29.628049471059484,7.103452068355621,42599,64099,solar_tower_juelich_lower,50.91368218659373,6.388827470205547,88.75265503,50.913392034089945,6.3878225501156205,122.93946108082906,50.91339203683997,6.387824563513243,122.8815,-2.750027761067031e-09,-2.013397622846469e-06,0.0579610808290596
AB52,2023-10-17T11:42:11Z,256227,29.665697439137144,-6.340197152944953,42100,67453,solar_tower_juelich_lower,50.91368218659373,6.388827470205547,88.75265503,50.91339203161757,6.387823420171896,122.93414757399086,50.91339203683997,6.387824563513243,122.8815,-5.222403842708445e-09,-1.1433413469319476e-06,0.0526475739908534
AB52,2023-10-31T08:23:13Z,256975,14.742731315332293,43.86797459983257,48446,53179,solar_tower_juelich_lower,50.91368218659373,6.388827470205547,88.75265503,50.91339213562683,6.38778728540332,122.89736309102732,50.91339203683997,6.387824563513243,122.8815,9.878685602870976e-08,-3.7278109923377656e-05,0.0158630910273132
AB52,2023-10-31T10:23:08Z,257316,23.932957775154183,14.589240140073196,45494,62190,solar_tower_juelich_lower,50.91368218659373,6.388827470205547,88.75265503,50.91339202351703,6.3878266325551945,122.6492891152833,50.91339203683997,6.387824563513243,122.8815,-1.3322946301741469e-08,2.0690419511026903e-06,-0.2322108847167072
AB52,2023-10-31T12:55:05Z,257595,21.6372985226857,-25.367666224873712,43975,72442,solar_tower_juelich_lower,50.91368218659373,6.388827470205547,88.75265503,50.91339203143701,6.387823360194073,123.01571222618828,50.91339203683997,6.387824563513243,122.8815,-5.402959857292444e-09,-1.2033191705285162e-06,0.1342122261882821
AB52,2023-11-06T13:21:08Z,259595,17.91753091736012,-31.10728887262152,44870,74044,solar_tower_juelich_lower,50.91368218659373,6.388827470205547,88.75265503,50.91339204041098,6.3878201261930965,123.07286278789331,50.91339203683997,6.387824563513243,122.8815,3.571010154246323e-09,-4.437320146877255e-06,0.1913627878933113
AB52,2023-12-18T12:21:10Z,260520,14.935253486155233,-11.919814521672151,49318,69823,solar_tower_juelich_lower,50.91368218659373,6.388827470205547,88.75265503,50.91339203438589,6.387822718649529,122.7624934306814,50.91339203683997,6.387824563513243,122.8815,-2.4540796061955916e-09,-1.844863714239864e-06,-0.1190065693185999
AB52,2024-01-29T10:55:49Z,263334,20.19859077387233,13.081615343672448,47409,62699,solar_tower_juelich_lower,50.91368218659373,6.388827470205547,88.75265503,50.91339202326551,6.387826479860335,122.82607598345008,50.91339203683997,6.387824563513243,122.8815,-1.3574464219345828e-08,1.9163470916794267e-06,-0.0554240165499209
AB52,2024-01-29T12:56:51Z,263550,19.48510188960232,-17.4993263781074,46355,70850,solar_tower_juelich_lower,50.91368218659373,6.388827470205547,88.75265503,50.91339202177578,6.387827097867561,122.7504574464565,50.91339203683997,6.387824563513243,122.8815,-1.506419522456781e-08,2.5343543175182504e-06,-0.1310425535435087
AB52,2024-02-13T09:00:33Z,264821,15.994752563562624,42.61109237099977,46803,53326,solar_tower_juelich_lower,50.91368218659373,6.388827470205547,88.75265503,50.91339201771762,6.387828299228858,122.90827551689668,50.91339203683997,6.387824563513243,122.8815,-1.9122353478451263e-08,3.735715615071911e-06,0.0267755168966772
AB52,2024-02-13T09:22:41Z,265014,18.23730123194733,37.49734390026851,46403,55118,solar_tower_juelich_lower,50.91368218659373,6.388827470205547,88.75265503,50.91339202758231,6.387824723293812,123.00570707121864,50.91339203683997,6.387824563513243,122.8815,-9.257661304218344e-09,1.597805683317688e-07,0.1242070712186347
AB52,2024-03-14T14:10:39Z,269075,28.37884648694249,-42.85046827218069,34283,74382,solar_tower_juelich_upper,50.91368218659373,6.388827470205547,88.75265503,50.91339200614708,6.3878340020582325,129.43708563704587,50.91339203683997,6.387824563513243,130.09766666666667,-3.069289533641495e-08,9.438544989137654e-06,-0.6605810296208006
AB52,2024-05-14T10:45:41Z,273356,56.67753117571103,19.69763123484465,27573,61663,solar_tower_juelich_lower,50.91368218659373,6.388827470205547,88.75265503,50.91339203620392,6.387821235734701,123.30015526609613,50.91339203683997,6.387824563513243,122.8815,-6.360565407703689e-10,-3.327778542505655e-06,0.418655266096124
AB52,2022-01-11T10:43:21Z,59976,16.215876248813235,14.246843817755131,49522,62491,solar_tower_juelich_lower,50.91368218659373,6.388827470205547,88.75265503,50.91339202182981,6.3878273006098265,122.58319342144593,50.91339203683997,6.387824563513243,122.8815,-1.5010158449513256e-08,2.737096583160792e-06,-0.2983065785540759
AB52,2022-01-11T12:35:25Z,60285,16.446111829650008,-12.832441032356234,48395,70023,solar_tower_juelich_lower,50.91368218659373,6.388827470205547,88.75265503,50.91339206599513,6.387810902644276,123.1946716002494,50.91339203683997,6.387824563513243,122.8815,2.9155160063965013e-08,-1.3660868967591e-05,0.3131716002493903
AB52,2022-01-11T12:50:15Z,60352,15.860640170251258,-16.363537542262524,48281,70922,solar_tower_juelich_lower,50.91368218659373,6.388827470205547,88.75265503,50.91339206282988,6.387811705511149,123.34811123066667,50.91339203683997,6.387824563513243,122.8815,2.598990533897449e-08,-1.2858002094162655e-05,0.4666112306666719
AB52,2022-01-11T13:07:23Z,60435,15.01443990103313,-20.393121235822854,48171,71942,solar_tower_juelich_lower,50.91368218659373,6.388827470205547,88.75265503,50.91339206150092,6.387811759659474,123.55161663573146,50.91339203683997,6.387824563513243,122.8815,2.466094173314559e-08,-1.2803853769227658e-05,0.6701166357314605
AB52,2022-01-11T13:57:02Z,60692,11.601166488494112,-31.696060753171004,47993,74765,solar_tower_juelich_lower,50.91368218659373,6.388827470205547,88.75265503,50.91339206588058,6.3878089360387005,124.12247756785746,50.91339203683997,6.387824563513243,122.8815,2.9040606364105773e-08,-1.5627474542867503e-05,1.2409775678574562
AB52,2022-01-13T13:28:17Z,61214,14.112154591769404,-25.1464321850896,47931,73095,solar_tower_juelich_lower,50.91368218659373,6.388827470205547,88.75265503,50.91339204704009,6.387816856170141,123.59712484234166,50.91339203683997,6.387824563513243,122.8815,1.0200118083503185e-08,-7.707343102403286e-06,0.7156248423416542
AB52,2022-02-11T12:23:44Z,65243,24.73613993466937,-9.375734169427432,44449,68507,solar_tower_juelich_lower,50.91368218659373,6.388827470205547,88.75265503,50.913392036437855,6.3878213174804745,123.198702289651,50.91339203683997,6.387824563513243,122.8815,-4.0211745044871345e-10,-3.246032768799978e-06,0.3172022896509929
AB52,2022-02-12T11:26:47Z,65830,25.32941585699343,5.876149593000154,45001,64608,solar_tower_juelich_lower,50.91368218659373,6.388827470205547,88.75265503,50.91339201822007,6.387828848607063,122.3357971320227,50.91339203683997,6.387824563513243,122.8815,-1.8619900288285865e-08,4.285093819333952e-06,-0.5457028679772975
AB52,2022-02-12T13:49:54Z,66459,20.33498362831997,-31.539649824417893,43292,73827,solar_tower_juelich_lower,50.91368218659373,6.388827470205547,88.75265503,50.91339202061479,6.387826125327616,123.74956179393538,50.91339203683997,6.387824563513243,122.8815,-1.6225179422235673e-08,1.5618143729412282e-06,0.8680617939353823
AB52,2022-02-24T12:48:44Z,67830,28.31973566465091,-17.176151378497856,41648,70007,solar_tower_juelich_lower,50.91368218659373,6.388827470205547,88.75265503,50.91339201732583,6.387828125408955,123.14744649964206,50.91339203683997,6.387824563513243,122.8815,-1.951413963752202e-08,3.561895711712282e-06,0.2659464996420553
AB52,2022-02-27T10:31:16Z,68289,28.610575588076568,21.48660218455229,42886,60277,solar_tower_juelich_lower,50.91368218659373,6.388827470205547,88.75265503,50.91339200348589,6.387834241981045,121.94973396662247,50.91339203683997,6.387824563513243,122.8815,-3.3354083939229895e-08,9.678467801421675e-06,-0.931766033377528
AB52,2022-02-27T11:44:26Z,68757,30.85892668443158,0.7764356026769234,41910,65656,solar_tower_juelich_lower,50.91368218659373,6.388827470205547,88.75265503,50.91339201251218,6.387830456901447,122.61961360479322,50.91339203683997,6.387824563513243,122.8815,-2.4327789560629763e-08,5.89338820322638e-06,-0.2618863952067869
AB52,2022-02-27T12:36:49Z,69088,29.906297688182715,-14.214673893653371,41196,69218,solar_tower_juelich_lower,50.91368218659373,6.388827470205547,88.75265503,50.913392013833366,6.387829475203199,123.05094459578768,50.91339203683997,6.387824563513243,122.8815,-2.3006606397757423e-08,4.911689955200416e-06,0.1694445957876809
AB52,2022-02-27T13:21:57Z,69420,27.43653687725389,-26.631320644640542,40539,72083,solar_tower_juelich_lower,50.91368218659373,6.388827470205547,88.75265503,50.913392008899045,6.387830797371275,123.39350220857384,50.91339203683997,6.387824563513243,122.8815,-2.7940927793679293e-08,6.233858031556849e-06,0.5120022085738327
AB52,2022-02-27T14:05:54Z,69725,23.749482577066523,-37.97709734583891,39829,74681,solar_tower_juelich_lower,50.91368218659373,6.388827470205547,88.75265503,50.91339200331859,6.387832454199584,123.68376281905708,50.91339203683997,6.387824563513243,122.8815,-3.352138122636461e-08,7.89068634077239e-06,0.8022628190570771
AB52,2022-02-28T10:34:39Z,70478,29.1801292478032,20.60499003694225,42622,60516,solar_tower_juelich_lower,50.91368218659373,6.388827470205547,88.75265503,50.913392001368045,6.387834780722014,122.12498799670296,50.91339203683997,6.387824563513243,122.8815,-3.5471927617436456e-08,1.0217208770590958e-05,-0.7565120032970469
AB52,2022-02-28T11:29:40Z,70888,31.116587976318097,4.999451575420118,41898,64596,solar_tower_juelich_lower,50.91368218659373,6.388827470205547,88.75265503,50.913392010812295,6.387831045416562,122.61621114756328,50.91339203683997,6.387824563513243,122.8815,-2.6027677790807505e-08,6.4819033189778e-06,-0.2652888524367256
AB52,2022-02-28T12:25:03Z,71234,30.675082361697545,-10.986121391800165,41155,68439,solar_tower_juelich_lower,50.91368218659373,6.388827470205547,88.75265503,50.91339201299558,6.387829797166976,123.0278933790146,50.91339203683997,6.387824563513243,122.8815,-2.3844393126637442e-08,5.233653732616972e-06,0.1463933790145972
AB52,2022-02-28T13:12:11Z,71597,28.444473662848367,-24.163762950728284,40478,71484,solar_tower_juelich_lower,50.91368218659373,6.388827470205547,88.75265503,50.91339201157118,6.38782986292263,123.38046816361484,50.91339203683997,6.387824563513243,122.8815,-2.5268789727306284e-08,5.2994093868719006e-06,0.4989681636148333
AB52,2022-02-28T13:56:19Z,71924,24.983854619029103,-35.77358660287551,39777,74142,solar_tower_juelich_lower,50.91368218659373,6.388827470205547,88.75265503,50.91339200578323,6.387831599980569,123.65491483409863,50.91339203683997,6.387824563513243,122.8815,-3.1056742955115624e-08,7.036467325249873e-06,0.7734148340986309
AB52,2022-03-02T09:11:00Z,73108,23.005455152331805,42.58663299962861,43317,53810,solar_tower_juelich_lower,50.91368218659373,6.388827470205547,88.75265503,50.91339198006156,6.387842299850303,121.59859778449028,50.91339203683997,6.387824563513243,122.8815,-5.677841130591332e-08,1.7736337059481855e-05,-1.282902215509722
AB52,2022-03-02T11:19:09Z,73512,31.69145327605933,8.00114977177801,41625,63824,solar_tower_juelich_lower,50.91368218659373,6.388827470205547,88.75265503,50.91339200759299,6.387832181841967,122.58956110602404,50.91339203683997,6.387824563513243,122.8815,-2.924698350170729e-08,7.618328723424383e-06,-0.291938893975967
AB52,2022-03-02T13:28:01Z,73918,28.039548165295848,-28.78590306470856,39794,72460,solar_tower_juelich_lower,50.91368218659373,6.388827470205547,88.75265503,50.91339200156407,6.3878332954440165,123.49553147976756,50.91339203683997,6.387824563513243,122.8815,-3.527590308749495e-08,8.731930773109298e-06,0.6140314797675614
AB52,2022-03-03T11:01:29Z,74642,31.56362027388403,13.105149104964497,39960,61602,solar_tower_juelich_upper,50.91368218659373,6.388827470205547,88.75265503,50.91339200505416,6.387834206162004,129.2956514082161,50.91339203683997,6.387824563513243,130.09766666666667,-3.178580953999699e-08,9.642648760355144e-06,-0.8020152584505809
AB52,2022-03-04T11:55:23Z,75541,32.735114396252705,-2.7277868806596333,39077,65563,solar_tower_juelich_upper,50.91368218659373,6.388827470205547,88.75265503,50.91339201001856,6.387832554644837,129.68355516873774,50.91339203683997,6.387824563513243,130.09766666666667,-2.6821417975497752e-08,7.991131593776402e-06,-0.4141114979289284
AB52,2022-03-05T10:09:02Z,76055,29.429289222385467,27.93251213978345,41869,58480,solar_tower_juelich_lower,50.91368218659373,6.388827470205547,88.75265503,50.91339200157613,6.3878347164307625,122.11907120036416,50.91339203683997,6.387824563513243,122.8815,-3.5263845177269104e-08,1.0152917519157256e-05,-0.7624287996358419
AB52,2022-03-05T12:05:47Z,76530,32.99767176882172,-5.890140214426254,40372,67123,solar_tower_juelich_lower,50.91368218659373,6.388827470205547,88.75265503,50.913392010176494,6.387830827075555,122.99158695967738,50.91339203683997,6.387824563513243,122.8815,-2.6663478536193e-08,6.263562311481508e-06,0.1100869596773748
AB52,2022-03-05T13:45:40Z,76955,27.630863582858773,-34.06773090897409,38814,73528,solar_tower_juelich_lower,50.91368218659373,6.388827470205547,88.75265503,50.913391999912974,6.3878338810345,123.49977895012438,50.91339203683997,6.387824563513243,122.8815,-3.6926998348008055e-08,9.317521256768655e-06,0.6182789501243775
AB52,2022-03-08T12:28:16Z,77915,33.56706496011349,-12.904089607445094,39414,68647,solar_tower_juelich_lower,50.91368218659373,6.388827470205547,88.75265503,50.91339201210738,6.387829974279036,123.13733702249878,50.91339203683997,6.387824563513243,122.8815,-2.4732592862619643e-08,5.41076579274602e-06,0.2558370224987811
AB52,2022-03-08T13:30:59Z,78196,29.902985633454275,-30.78655980740993,38388,72650,solar_tower_juelich_lower,50.91368218659373,6.388827470205547,88.75265503,50.91339200180094,6.387833297288136,123.41684913687668,50.91339203683997,6.387824563513243,122.8815,-3.5039029455674615e-08,8.73377489263305e-06,0.5353491368766754
AB52,2022-03-10T09:21:23Z,78882,27.09961943007695,40.986902776523486,41269,54571,solar_tower_juelich_lower,50.91368218659373,6.388827470205547,88.75265503,50.91339198641305,6.387839918694881,121.9897423342742,50.91339203683997,6.387824563513243,122.8815,-5.042691952894529e-08,1.5355181637310977e-05,-0.8917576657258053
AB52,2022-03-10T10:47:36Z,79246,33.736440301503414,17.206459035052816,40269,61484,solar_tower_juelich_lower,50.91368218659373,6.388827470205547,88.75265503,50.91339202633548,6.387825537458009,122.738690488963,50.91339203683997,6.387824563513243,122.8815,-1.050449327522074e-08,9.739447657253208e-07,-0.1428095110370009
AB52,2022-03-10T12:26:54Z,79650,34.37148423736958,-12.778607241263414,38995,68595,solar_tower_juelich_lower,50.91368218659373,6.388827470205547,88.75265503,50.91339202574954,6.3878250759086335,123.20638773623315,50.91339203683997,6.387824563513243,122.8815,-1.1090435236837948e-08,5.123953901176037e-07,0.3248877362331512
AB52,2022-03-10T14:11:30Z,80043,26.81136648250468,-41.90168395100864,37327,75133,solar_tower_juelich_lower,50.91368218659373,6.388827470205547,88.75265503,50.91339199948124,6.387834863785573,122.6949232758452,50.91339203683997,6.387824563513243,122.8815,-3.735873121968325e-08,1.0300272329288871e-05,-0.1865767241548042
AB52,2022-03-11T09:14:10Z,80501,26.72064987837678,42.93608906825023,40810,53891,solar_tower_juelich_lower,50.91368218659373,6.388827470205547,88.75265503,50.91339201117805,6.387830466623427,123.00025744059572,50.91339203683997,6.387824563513243,122.8815,-2.566191881214765e-08,5.9031101837803135e-06,0.118757440595715
AB52,2022-03-11T11:05:34Z,80896,34.84898364287815,11.84968209913478,39747,62789,solar_tower_juelich_lower,50.91368218659373,6.388827470205547,88.75265503,50.91339202703183,6.3878245536628375,123.25381783112988,50.91339203683997,6.387824563513243,122.8815,-9.808147183321124e-09,-9.850405824352038e-09,0.3723178311298767
AB52,2022-03-11T12:20:04Z,81226,34.9708622070104,-10.862795322277249,38862,68137,solar_tower_juelich_lower,50.91368218659373,6.388827470205547,88.75265503,50.91339202118319,6.387826723733257,123.17968815109252,50.91339203683997,6.387824563513243,122.8815,-1.5656780760764377e-08,2.160220013536218e-06,0.2981881510925177
AB52,2022-03-11T14:05:56Z,81532,27.718208169498777,-40.7315030626758,37121,74821,solar_tower_juelich_lower,50.91368218659373,6.388827470205547,88.75265503,50.91339201240035,6.387830120835571,122.93310546551255,50.91339203683997,6.387824563513243,122.8815,-2.443962188181104e-08,5.557322327653935e-06,0.0516054655125515
AB52,2022-03-23T08:52:46Z,85826,28.875981730124376,49.8948206883944,36165,50988,solar_tower_juelich_upper,50.91368218659373,6.388827470205547,88.75265503,50.91339201753328,6.387829107537155,129.97399889749164,50.91339203683997,6.387824563513243,130.09766666666667,-1.9306696685816863e-08,4.5440239118121895e-06,-0.1236677691750287
AB52,2022-03-24T09:35:24Z,87153,33.9663881948195,38.80841522075684,35929,54635,solar_tower_juelich_upper,50.91368218659373,6.388827470205547,88.75265503,50.91339202345938,6.3878260216859415,130.0913596239477,50.91339203683997,6.387824563513243,130.09766666666667,-1.3380592633893684e-08,1.4581726981433007e-06,-0.0063070427189586
AB52,2022-03-25T09:13:18Z,88737,32.0276252444483,44.893369176727454,35750,52779,solar_tower_juelich_upper,50.91368218659373,6.388827470205547,88.75265503,50.91339201324944,6.38783132063131,129.89735666014113,50.91339203683997,6.387824563513243,130.09766666666667,-2.3590530418005083e-08,6.75711806685797e-06,-0.2003100065255409
AB52,2022-03-25T13:39:25Z,89499,35.00390145575274,-37.25798317414871,34231,73281,solar_tower_juelich_lower,50.91368218659373,6.388827470205547,88.75265503,50.91339202073058,6.387826919699608,123.1529905346581,50.91339203683997,6.387824563513243,122.8815,-1.6109389378016203e-08,2.3561863642385106e-06,0.2714905346580991
AB52,2022-03-27T13:05:29Z,90808,38.5577642221387,-27.80255937032977,34539,71191,solar_tower_juelich_lower,50.91368218659373,6.388827470205547,88.75265503,50.91339202938344,6.387823669089038,123.28890677166528,50.91339203683997,6.387824563513243,122.8815,-7.456534945049498e-09,-8.944242049224727e-07,0.4074067716652791
AB52,2022-04-12T07:43:15Z,93577,26.630243432206523,69.65153020998731,32313,46297,solar_tower_juelich_lower,50.91368218659373,6.388827470205547,88.75265503,50.91339200072597,6.387833984889801,123.1306912795929,50.91339203683997,6.387824563513243,122.8815,-3.611400245517871e-08,9.421376558016448e-06,0.2491912795928925
AB52,2022-04-12T12:32:07Z,94411,46.28281794180517,-20.55418677206472,31708,69069,solar_tower_juelich_lower,50.91368218659373,6.388827470205547,88.75265503,50.91339202758376,6.3878244076537305,123.22067200041118,50.91339203683997,6.387824563513243,122.8815,-9.256218902464752e-09,-1.5585951285146393e-07,0.3391720004111818
AB52,2022-04-14T08:48:20Z,95278,36.35565358457934,54.40545234857641,32775,52082,solar_tower_juelich_lower,50.91368218659373,6.388827470205547,88.75265503,50.913392021001286,6.387826750234511,123.20706120069728,50.91339203683997,6.387824563513243,122.8815,-1.583868680654632e-08,2.1867212680604098e-06,0.3255612006972797
AB52,2022-04-18T10:18:20Z,96005,47.11443555782383,27.80992575444011,32147,59490,solar_tower_juelich_lower,50.91368218659373,6.388827470205547,88.75265503,50.91339203459721,6.38782202672699,123.16076348781124,50.91339203683997,6.387824563513243,122.8815,-2.2427641965805382e-09,-2.536786253060086e-06,0.2792634878112352
AB52,2022-04-18T11:59:29Z,96735,49.67224437497549,-9.76734110607904,31138,66890,solar_tower_juelich_lower,50.91368218659373,6.388827470205547,88.75265503,50.913392025856446,6.387825330978102,123.00279682582982,50.91339203683997,6.387824563513243,122.8815,-1.0983526976815485e-08,7.674648587752131e-07,0.1212968258298161
AB52,2022-04-18T13:34:56Z,97414,43.00553214960331,-42.60460853695421,28786,72969,solar_tower_juelich_lower,50.91368218659373,6.388827470205547,88.75265503,50.91339200926315,6.387831527257486,122.66104848172267,50.91339203683997,6.387824563513243,122.8815,-2.7576824379593745e-08,6.963744242582948e-06,-0.2204515182773292
AB52,2022-04-27T12:24:56Z,98960,51.50860022486868,-20.86328836825499,28913,68576,solar_tower_juelich_lower,50.91368218659373,6.388827470205547,88.75265503,50.9133920184745,6.387827617962022,123.22485974976776,50.91339203683997,6.387824563513243,122.8815,-1.8365476250892243e-08,3.054448778350149e-06,0.3433597497677567
AD53,2022-04-28T11:00:52Z,100123,52.78464921596211,12.51580634404271,31500,61487,solar_tower_juelich_upper,50.913764268069535,6.388891186371286,88.77135468,50.913392031251696,6.3878213619686575,129.95998114539012,50.91339203683997,6.387824563513243,130.09766666666667,-5.588276508206036e-09,-3.201544585884619e-06,-0.1376855212765519
AD53,2022-05-03T08:12:42Z,101374,37.10337976212045,66.90277591108735,29529,48027,solar_tower_juelich_upper,50.913764268069535,6.388891186371286,88.77135468,50.91339201984366,6.387827528450565,129.85079586661044,50.91339203683997,6.387824563513243,130.09766666666667,-1.6996310137074033e-08,2.964937321436878e-06,-0.2468708000562287
AD53,2022-05-04T08:49:52Z,103674,42.54094475575874,57.61118114119264,30042,51165,solar_tower_juelich_upper,50.913764268069535,6.388891186371286,88.77135468,50.913392014182286,6.387831076139056,130.00595997129463,50.91339203683997,6.387824563513243,130.09766666666667,-2.2657687281935068e-08,6.512625812860051e-06,-0.0917066953720393
AD53,2022-05-06T08:56:10Z,107210,43.869620112532495,56.26783096046455,29790,51749,solar_tower_juelich_upper,50.913764268069535,6.388891186371286,88.77135468,50.913392027583335,6.387823550112867,130.02596314803907,50.91339203683997,6.387824563513243,130.09766666666667,-9.25663812267885e-09,-1.013400376059792e-06,-0.0717035186276007
AD53,2022-05-06T13:32:41Z,108033,48.01950067405086,-46.44005049515796,29049,72390,solar_tower_juelich_lower,50.913764268069535,6.388891186371286,88.77135468,50.91339200832346,6.387831422522319,123.0367051994576,50.91339203683997,6.387824563513243,122.8815,-2.8516510042209123e-08,6.859009075377287e-06,0.1552051994575976
AD53,2022-05-12T06:56:31Z,108830,27.45350369804526,85.28664107535876,24850,41931,solar_tower_juelich_upper,50.913764268069535,6.388891186371286,88.77135468,50.91339201041245,6.387833628366205,130.15734811510913,50.91339203683997,6.387824563513243,130.09766666666667,-2.642752860992914e-08,9.064852961593315e-06,0.0596814484424612
AD53,2022-05-12T08:33:01Z,109286,42.05563633507024,63.63029162472372,28406,49877,solar_tower_juelich_upper,50.913764268069535,6.388891186371286,88.77135468,50.91339201091743,6.387833598713439,130.248804494453,50.91339203683997,6.387824563513243,130.09766666666667,-2.592254588762444e-08,9.035200195128825e-06,0.1511378277863286
AD53,2022-05-20T09:55:34Z,113236,53.86009409126374,40.10997560619076,29824,57505,solar_tower_juelich_lower,50.913764268069535,6.388891186371286,88.77135468,50.91339202343576,6.387825655783176,123.37245377334672,50.91339203683997,6.387824563513243,122.8815,-1.3404211074430352e-08,1.0922699322790663e-06,0.4909537733467175
AD53,2022-05-25T12:36:27Z,113994,57.49426910790006,-29.097486467064684,27979,68758,solar_tower_juelich_lower,50.913764268069535,6.388891186371286,88.77135468,50.913392013010174,6.387829650491231,123.14233618620644,50.91339203683997,6.387824563513243,122.8815,-2.3829798578844933e-08,5.086977987289743e-06,0.2608361862064328
AD53,2022-05-31T11:05:53Z,114861,60.59136412793911,12.475608217098586,29013,62733,solar_tower_juelich_lower,50.913764268069535,6.388891186371286,88.77135468,50.91339200616066,6.387833334305547,121.96304354973924,50.91339203683997,6.387824563513243,122.8815,-3.0679309759307216e-08,8.77079230399147e-06,-0.9184564502607628
AD53,2022-06-02T08:01:51Z,115692,40.36495945160936,74.96083723876352,24875,47683,solar_tower_juelich_upper,50.913764268069535,6.388891186371286,88.77135468,50.91339201879516,6.387828953673328,130.20731776184107,50.91339203683997,6.387824563513243,130.09766666666667,-1.8044815419671068e-08,4.390160084355443e-06,0.1096510951743994
AD53,2022-06-02T13:28:30Z,116797,53.53242984260037,-49.02064729790899,24520,71020,solar_tower_juelich_upper,50.913764268069535,6.388891186371286,88.77135468,50.91339201160726,6.387832169555119,129.87109404082463,50.91339203683997,6.387824563513243,130.09766666666667,-2.5232715472611744e-08,7.606041875440894e-06,-0.2265726258420386
AD53,2022-06-14T08:51:03Z,119994,48.11062919913282,64.29102707659573,25591,51465,solar_tower_juelich_upper,50.913764268069535,6.388891186371286,88.77135468,50.91339201782471,6.387829596937506,130.24168562516303,50.91339203683997,6.387824563513243,130.09766666666667,-1.901526758274485e-08,5.033424262279596e-06,0.1440189584963604
AD53,2022-06-15T08:52:45Z,122003,48.35792451786464,63.92697216178267,25597,51583,solar_tower_juelich_upper,50.913764268069535,6.388891186371286,88.77135468,50.913392018900005,6.387829046941736,130.27015366999336,50.91339203683997,6.387824563513243,130.09766666666667,-1.7939967733582307e-08,4.483428492463304e-06,0.1724870033266938
AD53,2022-06-16T09:09:17Z,123789,50.65129136664112,59.36485506710647,27365,53813,solar_tower_juelich_lower,50.913764268069535,6.388891186371286,88.77135468,50.9133920154414,6.387828488558792,123.3791041272059,50.91339203683997,6.387824563513243,122.8815,-2.1398570027031383e-08,3.925045548136552e-06,0.4976041272059035
AD53,2022-06-18T13:57:58Z,125238,51.17647061825716,-58.378241459949805,22841,72441,solar_tower_juelich_upper,50.913764268069535,6.388891186371286,88.77135468,50.91339200693686,6.387834416446681,129.7443017289396,50.91339203683997,6.387824563513243,130.09766666666667,-2.990311287476288e-08,9.852933438025955e-06,-0.3533649377270649
AD53,2022-06-22T09:02:36Z,126337,49.62069121105353,61.73561025578432,27176,53203,solar_tower_juelich_lower,50.913764268069535,6.388891186371286,88.77135468,50.913392013229085,6.387829310692731,123.35115635232668,50.91339203683997,6.387824563513243,122.8815,-2.36108874673846e-08,4.747179487729625e-06,0.4696563523266803
AD53,2022-06-22T13:07:10Z,127583,57.412605925426455,-41.02430838582389,24613,69444,solar_tower_juelich_upper,50.913764268069535,6.388891186371286,88.77135468,50.913392015411766,6.3878303309726014,129.9856246203451,50.91339203683997,6.387824563513243,130.09766666666667,-2.1428206764539937e-08,5.767459358096971e-06,-0.1120420463215623
AD53,2022-06-23T08:56:53Z,129125,48.7842290532587,63.374280251278925,27070,52748,solar_tower_juelich_lower,50.913764268069535,6.388891186371286,88.77135468,50.91339201483127,6.387828770085443,123.32925527524472,50.91339203683997,6.387824563513243,122.8815,-2.2008705968801223e-08,4.206572199905168e-06,0.4477552752447167
AD53,2022-06-30T08:45:43Z,131135,46.77414912858899,66.51368252759002,25450,50775,solar_tower_juelich_upper,50.913764268069535,6.388891186371286,88.77135468,50.91339201548964,6.387830762999156,130.17261807799127,50.91339203683997,6.387824563513243,130.09766666666667,-2.1350331280700643e-08,6.1994859121838886e-06,0.074951411324605
AD53,2022-06-30T12:40:30Z,131950,59.729475740239,-29.330429014466525,25481,67704,solar_tower_juelich_upper,50.913764268069535,6.388891186371286,88.77135468,50.913392016163286,6.387829955618361,130.00508822769365,50.91339203683997,6.387824563513243,130.09766666666667,-2.067668702920855e-08,5.392105117962842e-06,-0.0925784389730211
AD53,2022-07-01T14:03:25Z,132945,50.54593721553328,-58.86920937789774,22913,72616,solar_tower_juelich_upper,50.913764268069535,6.388891186371286,88.77135468,50.913392004452646,6.387835721416754,129.7215076983266,50.91339203683997,6.387824563513243,130.09766666666667,-3.238732659838206e-08,1.1157903510472522e-05,-0.3761589683400643
AD53,2022-07-02T08:50:30Z,133750,47.29970051131899,65.23114563679202,27149,52075,solar_tower_juelich_lower,50.913764268069535,6.388891186371286,88.77135468,50.91339201262906,6.387829518677359,123.35519324032202,50.91339203683997,6.387824563513243,122.8815,-2.421091238602457e-08,4.955164115472144e-06,0.4736932403220208
AD53,2022-07-02T09:57:31Z,134047,55.93960958166823,44.50762868534167,28067,57188,solar_tower_juelich_lower,50.913764268069535,6.388891186371286,88.77135468,50.91339201887024,6.387827151639453,123.4652144775899,50.91339203683997,6.387824563513243,122.8815,-1.7969732368783298e-08,2.588126209346342e-06,0.5837144775898935
AD53,2022-07-02T13:27:37Z,134879,55.021994375713206,-47.33311385708557,25666,71352,solar_tower_juelich_lower,50.913764268069535,6.388891186371286,88.77135468,50.91339200510777,6.387832540580162,123.04401663391484,50.91339203683997,6.387824563513243,122.8815,-3.1732206196011254e-08,7.977066919018228e-06,0.1625166339148336
AD53,2022-07-03T09:51:41Z,135658,55.194447077988045,46.57677755168829,26666,55814,solar_tower_juelich_upper,50.913764268069535,6.388891186371286,88.77135468,50.91339202362836,6.387826192592613,130.21457016384278,50.91339203683997,6.387824563513243,130.09766666666667,-1.3211611360475216e-08,1.6290793700690642e-06,0.1169034971761107
AD53,2022-07-03T13:01:59Z,136608,57.704727216021226,-37.75043081445916,25091,69017,solar_tower_juelich_upper,50.913764268069535,6.388891186371286,88.77135468,50.91339201838161,6.38782890515053,130.0895801283827,50.91339203683997,6.387824563513243,130.09766666666667,-1.845836550273816e-08,4.341637287019751e-06,-0.008086538283976
AD53,2022-07-05T08:31:11Z,137912,44.21009089930965,70.07706456979878,25279,49524,solar_tower_juelich_upper,50.913764268069535,6.388891186371286,88.77135468,50.91339201417213,6.387831498656682,130.1654103382657,50.91339203683997,6.387824563513243,130.09766666666667,-2.2667840937629083e-08,6.935143439079639e-06,0.0677436715990325
AD53,2022-07-08T08:42:53Z,138633,45.61035804200483,66.97472170445582,25781,50377,solar_tower_juelich_upper,50.913764268069535,6.388891186371286,88.77135468,50.913392016008274,6.387830524099875,130.1953037761344,50.91339203683997,6.387824563513243,130.09766666666667,-2.083169903244197e-08,5.960586631381659e-06,0.0976371094677404
AD53,2022-07-12T08:53:04Z,139514,46.58922848344038,63.99864786036557,27850,52057,solar_tower_juelich_lower,50.913764268069535,6.388891186371286,88.77135468,50.91339201300234,6.387829405139765,123.34015737835094,50.91339203683997,6.387824563513243,122.8815,-2.3837635865220363e-08,4.841626521923104e-06,0.4586573783509351
AD53,2022-07-12T12:05:54Z,140440,60.588392646569964,-12.230716997282128,28159,66194,solar_tower_juelich_lower,50.913764268069535,6.388891186371286,88.77135468,50.913392018244224,6.387827654005516,123.2587370616749,50.91339203683997,6.387824563513243,122.8815,-1.8595748940697376e-08,3.0904922727614803e-06,0.3772370616749043
AD53,2022-07-15T09:07:38Z,141534,48.20800947672289,59.68525581700849,28393,53138,solar_tower_juelich_lower,50.913764268069535,6.388891186371286,88.77135468,50.91339201693341,6.387827928775947,123.401080050974,50.91339203683997,6.387824563513243,122.8815,-1.9906565285054967e-08,3.365262704058125e-06,0.5195800509739996
AD53,2022-07-17T13:14:15Z,142577,55.05767340638598,-40.27865869991397,25821,69740,solar_tower_juelich_upper,50.913764268069535,6.388891186371286,88.77135468,50.9133920147487,6.387830686480254,129.97847608127955,50.91339203683997,6.387824563513243,130.09766666666667,-2.2091271034696547e-08,6.1229670107465495e-06,-0.1191905853871162
AD53,2022-07-24T08:29:33Z,144500,41.41538789382086,68.41950242891019,28671,49925,solar_tower_juelich_lower,50.913764268069535,6.388891186371286,88.77135468,50.913392004929065,6.387832326653499,123.29085597779886,50.91339203683997,6.387824563513243,122.8815,-3.191090769405491e-08,7.763140255967471e-06,0.4093559777988531
AD53,2022-07-24T10:17:11Z,145312,54.80567768090825,35.706554178958264,29972,58390,solar_tower_juelich_lower,50.913764268069535,6.388891186371286,88.77135468,50.91339201749361,6.387827783284767,123.36090832950342,50.91339203683997,6.387824563513243,122.8815,-1.9346366286754343e-08,3.219771524065606e-06,0.4794083295034141
AD53,2022-07-24T12:46:53Z,146344,56.292567894139935,-28.72476555188906,28633,68857,solar_tower_juelich_lower,50.913764268069535,6.388891186371286,88.77135468,50.91339200687235,6.387831752139831,123.1926513619024,50.91339203683997,6.387824563513243,122.8815,-2.996762304974254e-08,7.188626587328884e-06,0.3111513619024038
AD53,2022-07-24T14:20:28Z,147025,45.9119372808356,-60.07545452482894,25742,74374,solar_tower_juelich_lower,50.913764268069535,6.388891186371286,88.77135468,50.91339198631819,6.387839291457948,122.83748608868288,50.91339203683997,6.387824563513243,122.8815,-5.052178408959662e-08,1.4727944704695515e-05,-0.0440139113171227
AD53,2022-08-03T13:36:25Z,149723,49.36753885968479,-45.1322142794193,28751,72020,solar_tower_juelich_lower,50.913764268069535,6.388891186371286,88.77135468,50.91339200012733,6.387834305685046,123.02437248517852,50.91339203683997,6.387824563513243,122.8815,-3.6712648920911306e-08,9.742171802606949e-06,0.1428724851785148
AD53,2022-08-03T14:43:37Z,150083,40.71183291768571,-64.32924695572099,26189,75773,solar_tower_juelich_lower,50.913764268069535,6.388891186371286,88.77135468,50.9133919813352,6.387841086702234,122.74806776787642,50.91339203683997,6.387824563513243,122.8815,-5.550477766291807e-08,1.652318899036942e-05,-0.1334322321235816
AD53,2022-08-04T10:33:16Z,151017,53.69884092807065,27.857042403378767,31450,59589,solar_tower_juelich_lower,50.913764268069535,6.388891186371286,88.77135468,50.91339202046207,6.387826757204898,123.3403448947536,50.91339203683997,6.387824563513243,122.8815,-1.6377903477859945e-08,2.1936916549947227e-06,0.4588448947535966
AD53,2022-08-08T07:59:48Z,152543,34.2150081791438,72.27239504193038,30481,47184,solar_tower_juelich_lower,50.913764268069535,6.388891186371286,88.77135468,50.91339200144275,6.38783367217246,123.18762217750198,50.91339203683997,6.387824563513243,122.8815,-3.539722115419863e-08,9.108659216217063e-06,0.306122177501976
AD53,2022-08-08T08:43:46Z,152757,40.57743250472243,61.65055059254561,31385,50873,solar_tower_juelich_lower,50.913764268069535,6.388891186371286,88.77135468,50.91339200683187,6.387831730367911,123.22388205033336,50.91339203683997,6.387824563513243,122.8815,-3.0008102669398795e-08,7.1668546679504175e-06,0.3423820503333559
AD53,2022-08-08T09:26:58Z,152978,46.188018286912175,49.61849385190254,31880,54412,solar_tower_juelich_lower,50.913764268069535,6.388891186371286,88.77135468,50.91339201148277,6.3878300837145865,123.22743329167228,50.91339203683997,6.387824563513243,122.8815,-2.5357202559916924e-08,5.520201343145459e-06,0.3459332916722815
AD53,2022-08-08T10:06:23Z,153184,50.43921747244436,36.87375348466135,32058,57544,solar_tower_juelich_lower,50.913764268069535,6.388891186371286,88.77135468,50.91339201746536,6.387827939733508,123.25098143258728,50.91339203683997,6.387824563513243,122.8815,-1.9374617465928168e-08,3.3762202642506622e-06,0.3694814325872784
AD53,2022-08-08T10:57:05Z,153389,54.11266505185217,17.821271999426127,31986,61405,solar_tower_juelich_lower,50.913764268069535,6.388891186371286,88.77135468,50.91339201953593,6.387827170731077,123.27820624524664,50.91339203683997,6.387824563513243,122.8815,-1.7304046195931733e-08,2.6072178336278284e-06,0.3967062452466336
AD53,2022-08-08T11:35:04Z,153589,55.14486538316852,2.129473649172506,31723,64166,solar_tower_juelich_lower,50.913764268069535,6.388891186371286,88.77135468,50.9133920187146,6.387827473431214,123.26930564449344,50.91339203683997,6.387824563513243,122.8815,-1.8125376755051548e-08,2.90991797058382e-06,0.3878056444934401
AD53,2022-08-08T12:11:52Z,153761,54.57539037696448,-13.2258978967997,31291,66721,solar_tower_juelich_lower,50.913764268069535,6.388891186371286,88.77135468,50.913392015197495,6.387828798225134,123.20688948928316,50.91339203683997,6.387824563513243,122.8815,-2.1642478031935752e-08,4.234711890482856e-06,0.3253894892831539
AD53,2022-08-08T12:45:49Z,153861,52.74090884729453,-26.6571990566766,30728,68970,solar_tower_juelich_lower,50.913764268069535,6.388891186371286,88.77135468,50.91339201007227,6.387830679970521,123.14583181998992,50.91339203683997,6.387824563513243,122.8815,-2.6767700944674292e-08,6.116457277549614e-06,0.2643318199899198
AD53,2022-08-08T13:14:42Z,153981,50.32899564668148,-37.12803794373991,30106,70798,solar_tower_juelich_lower,50.913764268069535,6.388891186371286,88.77135468,50.91339200611975,6.387832170569866,123.05775980249712,50.91339203683997,6.387824563513243,122.8815,-3.072022281003228e-08,7.607056622838115e-06,0.176259802497114
AD53,2022-08-08T13:42:46Z,154138,47.37865721505111,-46.35130215422618,29354,72494,solar_tower_juelich_lower,50.913764268069535,6.388891186371286,88.77135468,50.9133920006093,6.387834185368915,122.97772837127428,50.91339203683997,6.387824563513243,122.8815,-3.623067357239052e-08,9.621855671326784e-06,0.0962283712742788
AD53,2022-08-08T14:10:29Z,154292,44.0056999003632,-54.57704627756425,28433,74092,solar_tower_juelich_lower,50.913764268069535,6.388891186371286,88.77135468,50.91339199532961,6.387836114446399,122.88856681618668,50.91339203683997,6.387824563513243,122.8815,-4.1510361370455946e-08,1.155093315574618e-05,0.0070668161866791
AD53,2022-08-09T08:51:04Z,154906,41.36176728380176,59.48904992920343,31679,51475,solar_tower_juelich_lower,50.913764268069535,6.388891186371286,88.77135468,50.91339200675572,6.387831788349194,123.19692436960769,50.91339203683997,6.387824563513243,122.8815,-3.0084251534390205e-08,7.22483595083645e-06,0.3154243696076833
AD53,2022-08-09T10:37:24Z,155473,52.70299278266364,25.3645217152552,32209,59938,solar_tower_juelich_lower,50.913764268069535,6.388891186371286,88.77135468,50.91339201976733,6.38782707157003,123.29084053120695,50.91339203683997,6.387824563513243,122.8815,-1.707264374317674e-08,2.508056786254542e-06,0.4093405312069507
AD53,2022-08-11T13:05:24Z,156310,50.32866941507336,-33.51808606302781,30807,70280,solar_tower_juelich_lower,50.913764268069535,6.388891186371286,88.77135468,50.91339200746934,6.387831638693763,123.10882981033194,50.91339203683997,6.387824563513243,122.8815,-2.9370632148584264e-08,7.075180519677815e-06,0.2273298103319376
AD53,2022-08-11T14:31:25Z,156556,40.44242861744443,-59.7315276757172,28158,75318,solar_tower_juelich_lower,50.913764268069535,6.388891186371286,88.77135468,50.91339198999785,6.387838045656507,122.8005474118612,50.91339203683997,6.387824563513243,122.8815,-4.684212484562522e-08,1.3482143264020864e-05,-0.0809525881387998
AD53,2022-08-16T07:57:34Z,157674,32.1989998213695,70.69100368467225,32156,46913,solar_tower_juelich_lower,50.913764268069535,6.388891186371286,88.77135468,50.913392001649214,6.387833665790808,123.12545541278618,50.91339203683997,6.387824563513243,122.8815,-3.519075875146882e-08,9.102277564565496e-06,0.2439554127861782
AD53,2022-08-16T11:02:34Z,158389,52.04259985783894,14.38757154263574,33253,61925,solar_tower_juelich_lower,50.913764268069535,6.388891186371286,88.77135468,50.913392020764455,6.387826759101748,123.26138276225078,50.91339203683997,6.387824563513243,122.8815,-1.6075517805802523e-08,2.1955885047830748e-06,0.379882762250773
AD53,2022-08-23T08:06:56Z,159395,31.979281597263626,66.52584954981667,33958,47732,solar_tower_juelich_lower,50.913764268069535,6.388891186371286,88.77135468,50.913392002736245,6.387833357327988,123.05710176788436,50.91339203683997,6.387824563513243,122.8815,-3.4103727841738873e-08,8.793814744834094e-06,0.1756017678843591
AD53,2022-08-23T11:17:12Z,159987,50.24792131261829,7.641035351607607,34374,63154,solar_tower_juelich_lower,50.913764268069535,6.388891186371286,88.77135468,50.91339202036559,6.387826960657016,123.2172181379,50.91339203683997,6.387824563513243,122.8815,-1.6474388075948813e-08,2.397143772370214e-06,0.3357181379000025
AD53,2022-08-25T09:03:48Z,160527,39.14393270295837,51.56542239571745,34958,52641,solar_tower_juelich_lower,50.913764268069535,6.388891186371286,88.77135468,50.91339200842913,6.387831260864908,123.1435460007774,50.91339203683997,6.387824563513243,122.8815,-2.8410845231974242e-08,6.697351664364248e-06,0.2620460007774028
AD53,2022-08-29T10:25:15Z,161236,45.94428749805051,25.32115817704156,35778,59355,solar_tower_juelich_lower,50.913764268069535,6.388891186371286,88.77135468,50.91339202266677,6.387826167121581,123.20383702367444,50.91339203683997,6.387824563513243,122.8815,-1.4173203055634076e-08,1.6036083376747e-06,0.3223370236744358
AD53,2022-08-30T10:25:31Z,161527,45.63822001021339,24.990269029539217,34455,58561,solar_tower_juelich_upper,50.913764268069535,6.388891186371286,88.77135468,50.91339201995849,6.387827708892803,129.95931604768123,50.91339203683997,6.387824563513243,130.09766666666667,-1.6881479325547843e-08,3.145379559477135e-06,-0.1383506189854415
AD53,2022-09-02T07:41:55Z,162847,25.92450495981087,69.15245755796035,36125,45629,solar_tower_juelich_lower,50.913764268069535,6.388891186371286,88.77135468,50.91339200426142,6.387832933236409,122.95608300154515,50.91339203683997,6.387824563513243,122.8815,-3.2578554964857176e-08,8.369723166090637e-06,0.0745830015451503
AD53,2022-09-04T07:56:10Z,163932,27.49140701671071,65.31836415383049,36799,46954,solar_tower_juelich_lower,50.913764268069535,6.388891186371286,88.77135468,50.91339201365221,6.387829488765827,123.0910235743156,50.91339203683997,6.387824563513243,122.8815,-2.318776637366681e-08,4.9252525835541405e-06,0.2095235743155967
AD53,2022-09-04T10:38:35Z,164596,44.741073134058645,19.36644675683421,36874,60561,solar_tower_juelich_lower,50.913764268069535,6.388891186371286,88.77135468,50.913392021895575,6.387826460194423,123.18869841327393,50.91339203683997,6.387824563513243,122.8815,-1.4944397719318662e-08,1.896681179225368e-06,0.3071984132739231
AD53,2022-09-06T08:16:02Z,165305,29.746006762818805,60.04562428416716,37425,48771,solar_tower_juelich_lower,50.913764268069535,6.388891186371286,88.77135468,50.91339200679782,6.387832024700479,122.9767909775246,50.91339203683997,6.387824563513243,122.8815,-3.0042151877296426e-08,7.4611872351582065e-06,0.0952909775245984
AD53,2022-09-06T10:12:37Z,165775,42.44356399365676,27.504067973016,37395,58586,solar_tower_juelich_lower,50.913764268069535,6.388891186371286,88.77135468,50.913392022413134,6.387826323698223,123.15570796462744,50.91339203683997,6.387824563513243,122.8815,-1.4426838390591e-08,1.7601849791049062e-06,0.2742079646274362
AD53,2022-09-09T07:09:27Z,166553,19.36419066448565,73.9365705792755,37741,42810,solar_tower_juelich_lower,50.913764268069535,6.388891186371286,88.77135468,50.913392000533335,6.387834355152196,122.83837016205445,50.91339203683997,6.387824563513243,122.8815,-3.630663769627064e-08,9.79163895298285e-06,-0.0431298379455569
AD53,2022-09-29T10:41:06Z,167243,35.805278333369856,13.494252580728752,41815,61639,solar_tower_juelich_lower,50.913764268069535,6.388891186371286,88.77135468,50.91339202846392,6.387824345270814,123.05318108690052,50.91339203683997,6.387824563513243,122.8815,-8.376055404824001e-09,-2.1824242946166805e-07,0.17168108690052
AD53,2022-10-04T09:45:30Z,168175,30.86410792005961,28.69853925939057,43269,57459,solar_tower_juelich_lower,50.913764268069535,6.388891186371286,88.77135468,50.91339202303812,6.3878263542858,122.9753685937984,50.91339203683997,6.387824563513243,122.8815,-1.3801852105643777e-08,1.7907725569088484e-06,0.0938685937983905
AD53,2022-10-04T12:54:31Z,168843,31.283089074452423,-26.91268622884588,41745,71189,solar_tower_juelich_lower,50.913764268069535,6.388891186371286,88.77135468,50.913392014494754,6.387829479681345,122.86129664373604,50.91339203683997,6.387824563513243,122.8815,-2.2345219008457213e-08,4.9161681019427306e-06,-0.0202033562639627
AD53,2022-10-07T08:41:58Z,169840,23.92870690514701,44.51124554506407,44536,52320,solar_tower_juelich_lower,50.913764268069535,6.388891186371286,88.77135468,50.91339202151355,6.387826978855269,122.9071984384791,50.91339203683997,6.387824563513243,122.8815,-1.5326421021200076e-08,2.4153420259409586e-06,0.0256984384790968
AD53,2022-10-07T09:18:00Z,170027,27.56314757680885,35.41046854598976,44132,55337,solar_tower_juelich_lower,50.913764268069535,6.388891186371286,88.77135468,50.913392024727685,6.387825735376777,122.99589076591552,50.91339203683997,6.387824563513243,122.8815,-1.211228806141662e-08,1.171863533322437e-06,0.1143907659155161
AD53,2022-10-07T09:50:45Z,170252,30.21215984714533,26.60739518718249,43815,57999,solar_tower_juelich_lower,50.913764268069535,6.388891186371286,88.77135468,50.91339202547046,6.387825468808139,123.00077399607642,50.91339203683997,6.387824563513243,122.8815,-1.1369515107162442e-08,9.052948959364926e-07,0.1192739960764157
AD53,2022-10-07T10:21:17Z,170382,32.02939575958075,17.988917552695874,43539,60403,solar_tower_juelich_lower,50.913764268069535,6.388891186371286,88.77135468,50.9133920246782,6.387825710360354,123.02594163511804,50.91339203683997,6.387824563513243,122.8815,-1.2161770257534954e-08,1.1468471106113045e-06,0.1444416351180422
AD53,2022-10-07T10:51:06Z,170602,33.12904871846031,9.280246375759704,43291,62679,solar_tower_juelich_lower,50.913764268069535,6.388891186371286,88.77135468,50.91339203010512,6.387823924058221,122.949902462435,50.91339203683997,6.387824563513243,122.8815,-6.734858004620037e-09,-6.394550222665885e-07,0.068402462435003
AD53,2022-10-07T11:20:34Z,170731,33.51773228970524,0.5165616371782402,43057,64855,solar_tower_juelich_lower,50.913764268069535,6.388891186371286,88.77135468,50.913392029137086,6.387824205196224,122.98834245983971,50.91339203683997,6.387824563513243,122.8815,-7.702887216964882e-09,-3.5831701961086537e-07,0.1068424598397115
AD53,2022-10-07T12:07:45Z,170858,32.666066107563154,-13.468058276671004,42707,68177,solar_tower_juelich_lower,50.913764268069535,6.388891186371286,88.77135468,50.91339202230782,6.38782666387601,122.93541761268912,50.91339203683997,6.387824563513243,122.8815,-1.4532155034885363e-08,2.1003627663773727e-06,0.0539176126891192
AD53,2022-10-07T12:36:16Z,170982,31.302170897325794,-21.67824516449297,42502,70086,solar_tower_juelich_lower,50.913764268069535,6.388891186371286,88.77135468,50.91339201759312,6.387828392994703,122.86905924278022,50.91339203683997,6.387824563513243,122.8815,-1.9246854776611144e-08,3.829481459938222e-06,-0.0124407572197782
AD53,2022-10-11T09:35:00Z,171884,27.674721647006688,30.055135142469023,43071,56087,solar_tower_juelich_upper,50.913764268069535,6.388891186371286,88.77135468,50.91339202119707,6.3878267925739225,129.85902156718484,50.91339203683997,6.387824563513243,130.09766666666667,-1.5642903861134982e-08,2.229060679148631e-06,-0.238645099481829
AD53,2022-10-12T12:20:51Z,172959,30.19542426579125,-17.2407144812228,43602,69192,solar_tower_juelich_lower,50.913764268069535,6.388891186371286,88.77135468,50.91339202197422,6.387826859975375,122.87648493486977,50.91339203683997,6.387824563513243,122.8815,-1.486575484932473e-08,2.296462131567978e-06,-0.0050150651302374
AD53,2022-10-27T09:30:50Z,176086,22.12141259134569,28.403615299780903,47763,57138,solar_tower_juelich_lower,50.913764268069535,6.388891186371286,88.77135468,50.91339202707562,6.387824940171227,122.9781893373605,50.91339203683997,6.387824563513243,122.8815,-9.764349329088873e-09,3.7665798391373073e-07,0.0966893373605017
AD53,2023-02-07T13:18:57Z,179918,20.94592893081408,-23.389307920049248,45861,70723,solar_tower_juelich_upper,50.913764268069535,6.388891186371286,88.77135468,50.9133920193775,6.387827260831689,129.61255214835862,50.91339203683997,6.387824563513243,130.09766666666667,-1.7462475909724162e-08,2.69731844593224e-06,-0.4851145183080518
AD53,2023-02-13T10:47:38Z,181784,24.38572570586787,16.30454537330571,45829,60038,solar_tower_juelich_upper,50.913764268069535,6.388891186371286,88.77135468,50.9133920229773,6.387825672616199,129.79750458165654,50.91339203683997,6.387824563513243,130.09766666666667,-1.3862674563824841e-08,1.1091029552545706e-06,-0.300162085010129
AD53,2023-02-13T13:00:57Z,182379,23.868872674482976,-19.283865381847324,44897,69526,solar_tower_juelich_upper,50.913764268069535,6.388891186371286,88.77135468,50.91339202279942,6.387825620944788,129.72464645598697,50.91339203683997,6.387824563513243,130.09766666666667,-1.4040551832295025e-08,1.0574315449929372e-06,-0.373020210679698
AD53,2023-02-14T10:24:28Z,183195,23.502983952649195,22.402385007104016,45892,58225,solar_tower_juelich_upper,50.913764268069535,6.388891186371286,88.77135468,50.913392026100304,6.387824139890629,129.90002946923434,50.91339203683997,6.387824563513243,130.09766666666667,-1.0739668709902617e-08,-4.236226143206068e-07,-0.1976371974323285
AD53,2023-02-14T12:53:08Z,184125,24.582476519855167,-17.326000696715656,44765,69006,solar_tower_juelich_upper,50.913764268069535,6.388891186371286,88.77135468,50.91339202305982,6.387825449344835,129.71081880177218,50.91339203683997,6.387824563513243,130.09766666666667,-1.378015213049366e-08,8.858315920790005e-07,-0.3868478648944915
AD53,2023-02-14T14:34:05Z,184908,16.711039827495032,-42.25062148011333,44453,75217,solar_tower_juelich_upper,50.913764268069535,6.388891186371286,88.77135468,50.91339201000919,6.387831703456668,129.34883060039817,50.91339203683997,6.387824563513243,130.09766666666667,-2.6830782928755084e-08,7.139943424938622e-06,-0.7488360662684954
AD53,2023-03-01T14:43:23Z,191088,20.32530761283983,-47.406230026344126,40985,75791,solar_tower_juelich_upper,50.913764268069535,6.388891186371286,88.77135468,50.91339200957874,6.387832063716471,129.40064194462605,50.91339203683997,6.387824563513243,130.09766666666667,-2.7261229718078546e-08,7.500203227372992e-06,-0.6970247220406236
AD53,2023-05-13T11:40:50Z,203004,57.421844675323975,-4.419673859623502,28911,64367,solar_tower_juelich_upper,50.913764268069535,6.388891186371286,88.77135468,50.91339202391831,6.387826094768295,130.24612321551925,50.91339203683997,6.387824563513243,130.09766666666667,-1.2921660186293591e-08,1.5312550516455303e-06,0.1484565488525788
AD53,2023-05-15T10:37:05Z,206790,56.23466582887866,23.29112804919782,29091,59754,solar_tower_juelich_upper,50.913764268069535,6.388891186371286,88.77135468,50.91339202598659,6.387824904735051,130.24723585357333,50.91339203683997,6.387824563513243,130.09766666666667,-1.0853383969333665e-08,3.4122180725404405e-07,0.1495691869066604
AD53,2023-05-15T10:56:21Z,206871,57.23866376759656,15.18224199461492,29026,61178,solar_tower_juelich_upper,50.913764268069535,6.388891186371286,88.77135468,50.91339202630327,6.387824712180241,130.2424024244329,50.91339203683997,6.387824563513243,130.09766666666667,-1.0536702177432744e-08,1.486669978234545e-07,0.1447357577662273
AD53,2023-05-15T12:24:56Z,207268,56.22724687369368,-23.46016323485693,27972,67338,solar_tower_juelich_upper,50.913764268069535,6.388891186371286,88.77135468,50.91339202594143,6.387824996927006,130.27887015988924,50.91339203683997,6.387824563513243,130.09766666666667,-1.0898546065618577e-08,4.334137626571533e-07,0.1812034932225685
AD53,2023-06-02T11:41:27Z,212708,61.22922042468817,-4.3351939679996745,28225,65072,solar_tower_juelich_lower,50.913764268069535,6.388891186371286,88.77135468,50.91339202243981,6.387826010340527,123.37205054162752,50.91339203683997,6.387824563513243,122.8815,-1.4400164616290569e-08,1.4468272837575569e-06,0.4905505416275133
AD53,2023-06-04T11:07:46Z,213903,61.11239748509837,12.01624192486718,26982,61956,solar_tower_juelich_upper,50.913764268069535,6.388891186371286,88.77135468,50.91339205046112,6.387810930139215,130.40415649512315,50.91339203683997,6.387824563513243,130.09766666666667,1.3621146877085266e-08,-1.3633374027932632e-05,0.3064898284564776
AD53,2023-06-04T11:30:04Z,214038,61.52239571122519,1.3062400772161429,26881,63415,solar_tower_juelich_upper,50.913764268069535,6.388891186371286,88.77135468,50.91339202354784,6.387826311845973,130.24770775415678,50.91339203683997,6.387824563513243,130.09766666666667,-1.3292137168718913e-08,1.7483327292566742e-06,0.1500410874901092
AD53,2023-06-04T14:25:09Z,215149,46.22751728580046,-65.84603929705379,21965,74136,solar_tower_juelich_upper,50.913764268069535,6.388891186371286,88.77135468,50.91339200325181,6.38783656737965,129.7833221871836,50.91339203683997,6.387824563513243,130.09766666666667,-3.35881651380987e-08,1.2003866406651298e-05,-0.3143444794830827
AD53,2023-06-04T14:47:24Z,215317,42.96550887950209,-71.42495978346886,20699,75275,solar_tower_juelich_upper,50.913764268069535,6.388891186371286,88.77135468,50.91339199930894,6.38783848541433,129.69915349505266,50.91339203683997,6.387824563513243,130.09766666666667,-3.753103072767772e-08,1.3921901087066146e-05,-0.3985131716140131
AD53,2023-06-12T09:21:57Z,217355,52.27906581253241,55.08938633843492,27696,54841,solar_tower_juelich_lower,50.913764268069535,6.388891186371286,88.77135468,50.91339201297817,6.387829259386005,123.46149489485634,50.91339203683997,6.387824563513243,122.8815,-2.3861801423663564e-08,4.695872761750763e-06,0.5799948948563411
AD53,2023-06-12T13:38:02Z,218947,53.37842887373965,-52.37979981837544,25055,72200,solar_tower_juelich_lower,50.913764268069535,6.388891186371286,88.77135468,50.91339200497822,6.387832462326134,123.15497576990612,50.91339203683997,6.387824563513243,122.8815,-3.186175234759504e-08,7.898812890871909e-06,0.2734757699061134
AD53,2023-06-13T07:18:31Z,219719,34.0741885448594,85.53350812289608,22127,44276,solar_tower_juelich_upper,50.913764268069535,6.388891186371286,88.77135468,50.91339200644355,6.387836099031676,130.22268597070106,50.91339203683997,6.387824563513243,130.09766666666667,-3.0396421379919054e-08,1.1535518432914673e-05,0.1250193040343958
AD53,2023-06-13T10:31:16Z,220642,59.71406673627431,29.747317965016105,26608,59171,solar_tower_juelich_upper,50.913764268069535,6.388891186371286,88.77135468,50.913392049397125,6.3878118219333055,130.69406321025872,50.91339203683997,6.387824563513243,130.09766666666667,1.2557151762848662e-08,-1.2741579937802784e-05,0.59639654359205
AD53,2023-06-13T10:49:11Z,220763,60.94318631859838,21.808223628327703,26596,60451,solar_tower_juelich_upper,50.913764268069535,6.388891186371286,88.77135468,50.91339204671872,6.387813465029256,130.72634994638673,50.91339203683997,6.387824563513243,130.09766666666667,9.878746709546249e-09,-1.1098483987836971e-05,0.6286832797200645
AD53,2023-06-13T12:01:26Z,221156,61.81659895802231,-13.188357518850728,25964,65456,solar_tower_juelich_upper,50.913764268069535,6.388891186371286,88.77135468,50.91339204397735,6.3878150142799965,130.64607364766374,50.91339203683997,6.387824563513243,130.09766666666667,7.137373359000776e-09,-9.549233246808342e-06,0.548406980997072
AD53,2023-06-16T10:37:12Z,222580,60.24426579010487,27.5454108166176,28012,60391,solar_tower_juelich_lower,50.913764268069535,6.388891186371286,88.77135468,50.913392027702365,6.387823905255818,123.52719736343158,50.91339203683997,6.387824563513243,122.8815,-9.13760800358432e-09,-6.582574254565543e-07,0.6456973634315801
AD53,2023-06-16T14:27:54Z,223770,46.87779868679231,-66.76842577063564,22804,74843,solar_tower_juelich_lower,50.913764268069535,6.388891186371286,88.77135468,50.91339199866472,6.38783480476254,123.03712291841772,50.91339203683997,6.387824563513243,122.8815,-3.8175251404481976e-08,1.0241249296605304e-05,0.1556229184177198
AD53,2023-07-06T07:32:39Z,226324,35.18438390406412,83.19423308288604,24721,45906,solar_tower_juelich_lower,50.913764268069535,6.388891186371286,88.77135468,50.91339200294996,6.38783281437783,123.48277726515488,50.91339203683997,6.387824563513243,122.8815,-3.3890017903104315e-08,8.250864586223372e-06,0.6012772651548772
AD53,2023-07-06T08:35:48Z,226476,44.81770325967891,68.89302135108497,27009,50848,solar_tower_juelich_lower,50.913764268069535,6.388891186371286,88.77135468,50.91339200971632,6.387830461957055,123.4300529847188,50.91339203683997,6.387824563513243,122.8815,-2.7123654433580672e-08,5.89844381160276e-06,0.5485529847187962
AD53,2023-07-06T09:38:27Z,226753,53.35590389705892,50.99420400130446,28096,55700,solar_tower_juelich_lower,50.913764268069535,6.388891186371286,88.77135468,50.91339201967536,6.387826832655212,123.48800383604544,50.91339203683997,6.387824563513243,122.8815,-1.7164616394893528e-08,2.269141968547217e-06,0.6065038360454338
AD53,2023-07-07T08:42:05Z,227767,45.63152348971101,67.2504202015872,27225,51320,solar_tower_juelich_lower,50.913764268069535,6.388891186371286,88.77135468,50.91339201057964,6.387830183988156,123.40602327747668,50.91339203683997,6.387824563513243,122.8815,-2.626033079877743e-08,5.620474913037299e-06,0.5245232774766748
AD53,2023-07-07T09:47:58Z,228066,54.38528010681653,47.77474733449563,28245,56405,solar_tower_juelich_lower,50.913764268069535,6.388891186371286,88.77135468,50.91339201640712,6.3878280752875725,123.43178993471136,50.91339203683997,6.387824563513243,122.8815,-2.043285007857776e-08,3.511774329112427e-06,0.5502899347113583
AD53,2023-07-07T10:20:45Z,228179,57.82407481500708,35.666622701633315,28424,58858,solar_tower_juelich_lower,50.913764268069535,6.388891186371286,88.77135468,50.91339202210854,6.387826058531317,123.42115214337262,50.91339203683997,6.387824563513243,122.8815,-1.473143385055664e-08,1.4950180737827168e-06,0.5396521433726207
AD53,2023-07-07T11:25:44Z,228375,61.55164631462112,6.623646161435177,28239,63517,solar_tower_juelich_lower,50.913764268069535,6.388891186371286,88.77135468,50.91339202002032,6.387826855980363,123.38241659749218,50.91339203683997,6.387824563513243,122.8815,-1.6819655002109357e-08,2.2924671192470214e-06,0.5009165974921785
AD53,2023-08-11T11:17:18Z,237311,54.078128426130746,9.241866871437132,32299,62930,solar_tower_juelich_lower,50.913764268069535,6.388891186371286,88.77135468,50.91339202405293,6.3878254440412,123.36717884928863,50.91339203683997,6.387824563513243,122.8815,-1.2787040759576485e-08,8.805279563262047e-07,0.4856788492886323
AD53,2023-08-31T09:47:12Z,242107,42.28833469068661,37.22377414081024,34645,55491,solar_tower_juelich_upper,50.913764268069535,6.388891186371286,88.77135468,50.913392017702094,6.387829076435615,130.00068779247957,50.91339203683997,6.387824563513243,130.09766666666667,-1.9137878837227618e-08,4.512922371802119e-06,-0.0969788741871013
AD53,2023-09-05T13:47:11Z,244651,37.875376903618765,-43.95228986390114,34634,73545,solar_tower_juelich_lower,50.913764268069535,6.388891186371286,88.77135468,50.913392008023465,6.387831653534391,122.92712467911788,50.91339203683997,6.387824563513243,122.8815,-2.8816508290674392e-08,7.0900211479596464e-06,0.0456246791178784
AD53,2023-09-06T09:38:44Z,245186,39.64043494611823,38.0613050791362,37454,55816,solar_tower_juelich_lower,50.913764268069535,6.388891186371286,88.77135468,50.91339201671416,6.387828323374764,123.16072132421824,50.91339203683997,6.387824563513243,122.8815,-2.0125810351601103e-08,3.759861520791219e-06,0.2792213242182413
AD53,2023-09-08T11:04:48Z,247210,44.43653112285116,9.577024620585744,37439,62661,solar_tower_juelich_lower,50.913764268069535,6.388891186371286,88.77135468,50.913392022906095,6.387826067889793,123.21437461558536,50.91339203683997,6.387824563513243,122.8815,-1.393387805137536e-08,1.50437654955482e-06,0.3328746155853537
AD53,2023-09-15T08:30:48Z,250250,29.28376258783931,53.68779615683355,39552,50359,solar_tower_juelich_lower,50.913764268069535,6.388891186371286,88.77135468,50.91339201246438,6.387830061371899,122.9637002225218,50.91339203683997,6.387824563513243,122.8815,-2.4375594875891693e-08,5.497858655445498e-06,0.0822002225217914
AD53,2023-09-15T09:13:36Z,250369,34.293170711948626,42.5753319061533,39437,54039,solar_tower_juelich_lower,50.913764268069535,6.388891186371286,88.77135468,50.91339201641565,6.387828556722052,123.06151820359568,50.91339203683997,6.387824563513243,122.8815,-2.0424323565748643e-08,3.993208808950044e-06,0.1800182035956794
AD53,2023-09-15T09:27:04Z,250441,35.67338114428747,38.83403528136424,39386,55171,solar_tower_juelich_lower,50.913764268069535,6.388891186371286,88.77135468,50.91339201859952,6.387827763867712,123.0821303765437,50.91339203683997,6.387824563513243,122.8815,-1.8240456256535253e-08,3.2003544685466068e-06,0.2006303765436996
AD53,2023-09-15T09:44:47Z,250532,37.3206758670818,33.727667168149544,39307,56634,solar_tower_juelich_lower,50.913764268069535,6.388891186371286,88.77135468,50.9133920215652,6.387826666826606,123.12326862645016,50.91339203683997,6.387824563513243,122.8815,-1.5274778775165032e-08,2.1033133625891764e-06,0.2417686264501526
AD53,2023-09-15T10:16:34Z,250628,39.73319016954133,24.059815137969192,39140,59194,solar_tower_juelich_lower,50.913764268069535,6.388891186371286,88.77135468,50.91339202301651,6.387826101071341,123.16300047389856,50.91339203683997,6.387824563513243,122.8815,-1.3823459710238241e-08,1.5375580977305958e-06,0.2815004738985607
AD53,2023-09-15T10:31:57Z,250709,40.622134182991,19.16945067006264,39045,60402,solar_tower_juelich_lower,50.913764268069535,6.388891186371286,88.77135468,50.91339202572013,6.387825201240456,123.12677502029432,50.91339203683997,6.387824563513243,122.8815,-1.1119844600671058e-08,6.377272123714306e-07,0.245275020294315
AD53,2023-09-15T11:13:05Z,250887,42.00358442063512,5.608021355320012,38748,63535,solar_tower_juelich_lower,50.913764268069535,6.388891186371286,88.77135468,50.91339202638528,6.387824976904029,123.12020714770227,50.91339203683997,6.387824563513243,122.8815,-1.0454691334871312e-08,4.13390785602985e-07,0.2387071477022715
AD53,2023-09-26T09:59:54Z,253056,34.770911107985384,26.48099999532133,39870,57475,solar_tower_juelich_upper,50.913764268069535,6.388891186371286,88.77135468,50.9133920187217,6.387828201460006,129.8717772315657,50.91339203683997,6.387824563513243,130.09766666666667,-1.8118271327693947e-08,3.6379467625025086e-06,-0.2258894351009814
AD53,2023-09-26T10:51:39Z,253270,37.36559851831998,10.785114362912568,39525,61565,solar_tower_juelich_upper,50.913764268069535,6.388891186371286,88.77135468,50.91339202392736,6.387825400842155,129.9222118365298,50.91339203683997,6.387824563513243,130.09766666666667,-1.2912614977267369e-08,8.37328911984514e-07,-0.1754548301368572
AD53,2023-10-10T10:36:51Z,254716,31.682460168404564,13.063537649162452,43936,61700,solar_tower_juelich_lower,50.913764268069535,6.388891186371286,88.77135468,50.91339203333193,6.387822687258512,123.02220214301094,50.91339203683997,6.387824563513243,122.8815,-3.5080418570032634e-09,-1.87625473113684e-06,0.1407021430109409
AD53,2023-10-10T12:58:45Z,254885,28.753680670867748,-27.79546378915375,42925,71605,solar_tower_juelich_lower,50.913764268069535,6.388891186371286,88.77135468,50.91339201704992,6.387828638121998,122.82481886794147,50.91339203683997,6.387824563513243,122.8815,-1.9790057592672383e-08,4.074608754400799e-06,-0.0566811320585287
AD53,2023-10-17T11:43:40Z,256231,29.638678024876,-6.760144856776407,44740,66772,solar_tower_juelich_lower,50.913764268069535,6.388891186371286,88.77135468,50.91339202960517,6.387824040935215,122.98881409785808,50.91339203683997,6.387824563513243,122.8815,-7.234802978928201e-09,-5.225780288498072e-07,0.1073140978580795
AD53,2024-01-29T10:48:47Z,263316,19.93052398135185,14.838030819767145,49738,61193,solar_tower_juelich_lower,50.913764268069535,6.388891186371286,88.77135468,50.91339202934041,6.387824327333343,122.85677085234158,50.91339203683997,6.387824563513243,122.8815,-7.499565413127131e-09,-2.3617990052571258e-07,-0.0247291476584194
AD53,2024-01-29T11:00:26Z,263348,20.356589779283485,11.92416614977007,49610,62042,solar_tower_juelich_lower,50.913764268069535,6.388891186371286,88.77135468,50.91339202780379,6.387824836100038,122.87422461929928,50.91339203683997,6.387824563513243,122.8815,-9.036185133481922e-09,2.7258679491382054e-07,-0.0072753807007188
AD53,2024-02-01T09:34:58Z,264208,15.97731688493323,32.99360088387811,50416,55506,solar_tower_juelich_lower,50.913764268069535,6.388891186371286,88.77135468,50.91339202911038,6.387824528702665,122.77306432273318,50.91339203683997,6.387824563513243,122.8815,-7.729589412974747e-09,-3.481057841980828e-08,-0.1084356772668257
AD53,2024-03-14T14:02:50Z,269010,29.197912109738105,-40.82841582564865,38178,73514,solar_tower_juelich_upper,50.913764268069535,6.388891186371286,88.77135468,50.91339200813793,6.38783291691828,129.43163442942412,50.91339203683997,6.387824563513243,130.09766666666667,-2.8702039855943443e-08,8.353405037020423e-06,-0.6660322372425469
AD53,2022-01-11T14:06:45Z,60737,10.779122362392854,-33.83439703338185,49506,73996,solar_tower_juelich_upper,50.913764268069535,6.388891186371286,88.77135468,50.91339202872792,6.387822004129453,129.52311582334184,50.91339203683997,6.387824563513243,130.09766666666667,-8.112053251352336e-09,-2.559383790234904e-06,-0.574550843324829
AD53,2022-01-13T13:35:31Z,61274,13.616077876799874,-26.80166507729732,50976,72613,solar_tower_juelich_lower,50.913764268069535,6.388891186371286,88.77135468,50.91339202661607,6.387825396204652,122.77017543036052,50.91339203683997,6.387824563513243,122.8815,-1.0223899948869077e-08,8.326914082701364e-07,-0.1113245696394784
AD53,2022-02-02T09:06:15Z,64343,13.672857520128751,39.73944072991204,50790,53198,solar_tower_juelich_lower,50.913764268069535,6.388891186371286,88.77135468,50.913392028183,6.387824603004659,122.94410617224932,50.91339203683997,6.387824563513243,122.8815,-8.656975580834114e-09,3.9491415471104574e-08,0.0626061722493176
AD53,2022-02-11T12:36:39Z,65326,24.348259277137306,-12.793684355669292,46989,68514,solar_tower_juelich_lower,50.913764268069535,6.388891186371286,88.77135468,50.91339203508404,6.38782193737952,123.10899536491286,50.91339203683997,6.387824563513243,122.8815,-1.755935841174505e-09,-2.6261337238153715e-06,0.2274953649128548
AD53,2022-02-12T11:42:37Z,65926,25.49602673552649,1.6219565936863105,47120,64785,solar_tower_juelich_lower,50.913764268069535,6.388891186371286,88.77135468,50.91339203424596,6.387822078688905,123.20617538665778,50.91339203683997,6.387824563513243,122.8815,-2.594013892576185e-09,-2.4848243382891155e-06,0.3246753866577734
AD53,2022-02-12T14:00:16Z,66523,19.45432371960501,-34.04820975713555,46717,73753,solar_tower_juelich_lower,50.913764268069535,6.388891186371286,88.77135468,50.91339201624184,6.387828957323929,122.79390725995898,50.91339203683997,6.387824563513243,122.8815,-2.0598136529770272e-08,4.393810685954236e-06,-0.0875927400410176
AD53,2022-02-24T13:32:25Z,67906,25.6386894479042,-28.88995987233243,44365,72101,solar_tower_juelich_lower,50.913764268069535,6.388891186371286,88.77135468,50.91339200741479,6.387832099071291,122.71952831261578,50.91339203683997,6.387824563513243,122.8815,-2.9425187619835924e-08,7.535558047777613e-06,-0.1619716873842236
AD53,2022-02-27T10:38:11Z,68345,28.994352938238872,19.583991596349897,44990,59888,solar_tower_juelich_lower,50.913764268069535,6.388891186371286,88.77135468,50.91339202134149,6.387826969159856,122.9588463896316,50.91339203683997,6.387824563513243,122.8815,-1.5498486050091742e-08,2.4056466125799147e-06,0.0773463896316002
AD53,2022-02-27T11:51:01Z,68805,30.85753331049656,-1.120651950747687,44369,65324,solar_tower_juelich_lower,50.913764268069535,6.388891186371286,88.77135468,50.91339202044792,6.387827343034098,122.91236402105022,50.91339203683997,6.387824563513243,122.8815,-1.6392057489156286e-08,2.779520854367945e-06,0.0308640210502204
AD53,2022-02-27T12:43:37Z,69140,29.62784872010055,-16.125800610520535,44010,68965,solar_tower_juelich_lower,50.913764268069535,6.388891186371286,88.77135468,50.91339201313839,6.387830002147447,122.8191504433422,50.91339203683997,6.387824563513243,122.8815,-2.3701581142177023e-08,5.438634203436266e-06,-0.0623495566578071
AD53,2022-02-27T13:30:19Z,69476,26.82549651645732,-28.85318359864127,43748,71985,solar_tower_juelich_lower,50.913764268069535,6.388891186371286,88.77135468,50.91339200753666,6.387832040466444,122.73431568272642,50.91339203683997,6.387824563513243,122.8815,-2.9303315329798352e-08,7.476953200580283e-06,-0.1471843172735845
AD53,2022-02-27T14:13:13Z,69779,23.02851967968407,-39.785569039857286,43552,74574,solar_tower_juelich_lower,50.913764268069535,6.388891186371286,88.77135468,50.91339200433549,6.387833302773849,122.58755911122634,50.91339203683997,6.387824563513243,122.8815,-3.2504480884654186e-08,8.739260605850063e-06,-0.2939408887736618
AD53,2022-02-28T10:38:04Z,70506,29.36616666244792,19.6589920043373,44798,59876,solar_tower_juelich_lower,50.913764268069535,6.388891186371286,88.77135468,50.91339202341696,6.387826219171849,122.97739984382692,50.91339203683997,6.387824563513243,122.8815,-1.3423012035218562e-08,1.655658605770327e-06,0.0958998438269134
AD53,2022-02-28T11:33:30Z,70910,31.16420312181996,3.896745741129589,44308,64055,solar_tower_juelich_lower,50.913764268069535,6.388891186371286,88.77135468,50.913392024449045,6.3878258911834855,122.9541771124371,50.91339203683997,6.387824563513243,122.8815,-1.2390927395244944e-08,1.327670242190493e-06,0.0726771124370913
AD53,2022-02-28T12:28:34Z,71262,30.565707520421864,-11.989954017999857,43905,67950,solar_tower_juelich_lower,50.913764268069535,6.388891186371286,88.77135468,50.91339201883812,6.387827979557689,122.85417650124936,50.91339203683997,6.387824563513243,122.8815,-1.8001856005867012e-08,3.41604444553667e-06,-0.0273234987506469
AD53,2022-02-28T13:15:44Z,71629,28.212301381538825,-25.12686245651768,43612,71070,solar_tower_juelich_lower,50.913764268069535,6.388891186371286,88.77135468,50.91339201195161,6.3878304539851705,122.78542255535244,50.91339203683997,6.387824563513243,122.8815,-2.4888365146580327e-08,5.890471927116892e-06,-0.0960774446475625
AD53,2022-02-28T13:59:45Z,71953,24.66548514050944,-36.6419677797761,43378,73787,solar_tower_juelich_lower,50.913764268069535,6.388891186371286,88.77135468,50.91339200791316,6.387831992239744,122.66115539282472,50.91339203683997,6.387824563513243,122.8815,-2.89268129449738e-08,7.428726500613436e-06,-0.2203446071752779
AD53,2022-03-02T09:14:09Z,73123,23.33918437185868,41.81852093012309,45350,53075,solar_tower_juelich_lower,50.913764268069535,6.388891186371286,88.77135468,50.91339201835477,6.387828204198391,122.8102219707254,50.91339203683997,6.387824563513243,122.8815,-1.848520270186782e-08,3.64068514802085e-06,-0.0712780292746089
AD53,2022-03-02T11:23:15Z,73533,31.776073513107388,6.804718554938541,44000,63303,solar_tower_juelich_lower,50.913764268069535,6.388891186371286,88.77135468,50.91339202684876,6.387825024521832,122.9746354822962,50.91339203683997,6.387824563513243,122.8815,-9.991211413762358e-09,4.610085886369575e-07,0.0931354822961907
AD53,2022-03-02T13:32:37Z,73944,27.68519202877968,-30.012626800639183,43088,72147,solar_tower_juelich_lower,50.913764268069535,6.388891186371286,88.77135468,50.913392009187454,6.387831445919756,122.75531353909108,50.91339203683997,6.387824563513243,122.8815,-2.7652518497234272e-08,6.882406512254136e-06,-0.1261864609089258
AD53,2022-03-03T11:03:36Z,74646,31.638028598765867,12.494459397292186,42364,61093,solar_tower_juelich_upper,50.913764268069535,6.388891186371286,88.77135468,50.9133920213914,6.387826536860902,129.790538370456,50.91339203683997,6.387824563513243,130.09766666666667,-1.5448570422904595e-08,1.973347658612568e-06,-0.3071282962106636
AD53,2022-03-04T11:58:32Z,75547,32.70832715734202,-3.657428125437207,41728,65188,solar_tower_juelich_upper,50.913764268069535,6.388891186371286,88.77135468,50.91339201982242,6.387827324845209,129.753697705945,50.91339203683997,6.387824563513243,130.09766666666667,-1.701755536487326e-08,2.7613319657504576e-06,-0.3439689607216678
AD53,2022-03-05T10:11:26Z,76066,29.605017878153845,27.277338460230634,44059,57765,solar_tower_juelich_lower,50.913764268069535,6.388891186371286,88.77135468,50.91339201851147,6.3878280053872,122.921636563343,50.91339203683997,6.387824563513243,122.8815,-1.8328499606923288e-08,3.441873956511188e-06,0.0401365633429975
AD53,2022-03-05T12:08:00Z,76541,32.960452718820925,-6.545604005754628,43049,66547,solar_tower_juelich_lower,50.913764268069535,6.388891186371286,88.77135468,50.913392018217046,6.387828090266995,122.93526545016478,50.91339203683997,6.387824563513243,122.8815,-1.86229272003402e-08,3.526753751259548e-06,0.053765450164775
AD53,2022-03-05T13:48:33Z,76969,27.37482883544335,-34.8225305027135,42314,73150,solar_tower_juelich_lower,50.913764268069535,6.388891186371286,88.77135468,50.91339200692628,6.387832240494746,122.74416923713224,50.91339203683997,6.387824563513243,122.8815,-2.991369285609835e-08,7.67698150294649e-06,-0.1373307628677622
AD53,2022-03-08T12:30:29Z,77926,33.48774688985919,-13.559584270296966,42266,68130,solar_tower_juelich_lower,50.913764268069535,6.388891186371286,88.77135468,50.91339201935329,6.387827682562159,122.94404164261672,50.91339203683997,6.387824563513243,122.8815,-1.7486684100731512e-08,3.119048915145584e-06,0.062541642616722
AD53,2022-03-08T13:34:07Z,78210,29.64810834408768,-31.63643682912576,41753,72286,solar_tower_juelich_lower,50.913764268069535,6.388891186371286,88.77135468,50.91339200861614,6.387831584061147,122.80758343311312,50.91339203683997,6.387824563513243,122.8815,-2.8223830383922177e-08,7.020547903913155e-06,-0.0739165668868793
AD53,2022-03-08T14:30:45Z,78462,24.06212253172292,-46.17217274109976,41258,75654,solar_tower_juelich_lower,50.913764268069535,6.388891186371286,88.77135468,50.91339200143048,6.38783425958941,122.6278498168753,50.91339203683997,6.387824563513243,122.8815,-3.5409492227245216e-08,9.696076166854084e-06,-0.2536501831247051
AD53,2022-03-10T09:29:42Z,78920,27.94192083225295,38.850521760733706,43417,54352,solar_tower_juelich_lower,50.913764268069535,6.388891186371286,88.77135468,50.913392015721925,6.38782899800525,122.90524340583111,50.91339203683997,6.387824563513243,122.8815,-2.1118047754953292e-08,4.434492006488711e-06,0.0237434058311123
AD53,2022-03-10T10:57:46Z,79291,34.17253370606031,14.195692725191684,42617,61415,solar_tower_juelich_lower,50.913764268069535,6.388891186371286,88.77135468,50.91339202259667,6.3878264586694975,123.01160791379316,50.91339203683997,6.387824563513243,122.8815,-1.4243305201944167e-08,1.8951562541502647e-06,0.1301079137931537
AD53,2022-03-10T12:41:28Z,79712,33.7837305767411,-17.106587378432614,41758,68891,solar_tower_juelich_lower,50.913764268069535,6.388891186371286,88.77135468,50.91339202256848,6.387826567056179,122.93977114596184,50.91339203683997,6.387824563513243,122.8815,-1.427149243227177e-08,2.003542936002134e-06,0.0582711459618394
AD53,2022-03-10T14:24:59Z,80101,25.351270304842487,-45.273183519564576,40812,75344,solar_tower_juelich_lower,50.913764268069535,6.388891186371286,88.77135468,50.913392004080535,6.387833318674885,122.65548269793432,50.91339203683997,6.387824563513243,122.8815,-3.2759437829099625e-08,8.755161641893494e-06,-0.226017302065685
AD53,2022-03-11T09:20:31Z,80531,27.39285359618571,41.32577037095394,43288,53583,solar_tower_juelich_lower,50.913764268069535,6.388891186371286,88.77135468,50.91339201378844,6.387829704577692,122.8780737659583,50.91339203683997,6.387824563513243,122.8815,-2.305153401493953e-08,5.141064448821453e-06,-0.0034262340416972
AD53,2022-03-11T11:14:24Z,80937,35.10528151828503,9.178437846616836,42273,62688,solar_tower_juelich_lower,50.913764268069535,6.388891186371286,88.77135468,50.91339202525942,6.3878255224876455,123.01496790643763,50.91339203683997,6.387824563513243,122.8815,-1.1580553405110553e-08,9.589744021099025e-07,0.1334679064376303
AD53,2022-03-11T12:28:07Z,81264,34.70776171214381,-13.288628976994874,41658,67993,solar_tower_juelich_lower,50.913764268069535,6.388891186371286,88.77135468,50.91339201935388,6.387827627806397,122.9853407778674,50.91339203683997,6.387824563513243,122.8815,-1.7486094350260828e-08,3.064293153443032e-06,0.1038407778674042
AD53,2022-03-11T14:16:04Z,81580,26.652793599413148,-43.30838564146228,40654,74841,solar_tower_juelich_lower,50.913764268069535,6.388891186371286,88.77135468,50.91339200710952,6.387832236170747,122.69095063087804,50.91339203683997,6.387824563513243,122.8815,-2.9730458095400536e-08,7.672657504009806e-06,-0.1905493691219675
AD53,2022-03-22T08:59:06Z,84076,29.247878425489663,48.16489391817744,40932,51847,solar_tower_juelich_lower,50.913764268069535,6.388891186371286,88.77135468,50.91339201489046,6.387829149193877,123.01570111874553,50.91339203683997,6.387824563513243,122.8815,-2.1949510653485053e-08,4.5856806334398925e-06,0.1342011187455227
AD53,2022-03-22T09:25:19Z,84243,32.161006119822254,41.336605830293,40778,54086,solar_tower_juelich_lower,50.913764268069535,6.388891186371286,88.77135468,50.9133920170941,6.387828296687652,123.07860419918708,50.91339203683997,6.387824563513243,122.8815,-1.9745868939935466e-08,3.733174408715456e-06,0.1971041991870805
AD53,2022-03-22T09:50:40Z,84431,34.61696781573679,34.33906333150371,40620,56199,solar_tower_juelich_lower,50.913764268069535,6.388891186371286,88.77135468,50.91339201962132,6.387827352887067,123.1212259392782,50.91339203683997,6.387824563513243,122.8815,-1.7218653169948084e-08,2.7893738234752163e-06,0.2397259392782018
AD53,2022-03-23T08:40:48Z,85767,27.40124275260912,52.84487372192803,38935,49374,solar_tower_juelich_upper,50.913764268069535,6.388891186371286,88.77135468,50.91339201725139,6.387828993110631,129.8596353744507,50.91339203683997,6.387824563513243,130.09766666666667,-1.9588583199947607e-08,4.429597387556328e-06,-0.2380312922159646
AD53,2022-03-24T08:34:24Z,86960,26.96355813766007,54.5468831201074,38693,48817,solar_tower_juelich_upper,50.913764268069535,6.388891186371286,88.77135468,50.91339201241584,6.387831258815174,129.6917291074351,50.91339203683997,6.387824563513243,130.09766666666667,-2.4424139155598823e-08,6.6953019306481565e-06,-0.4059375592315746
AD53,2022-03-25T08:25:03Z,88547,26.120443782325985,56.92944472270538,40353,48859,solar_tower_juelich_lower,50.913764268069535,6.388891186371286,88.77135468,50.91339200459904,6.387832468043173,123.2691007725494,50.91339203683997,6.387824563513243,122.8815,-3.2240933478533413e-08,7.904529929270154e-06,0.3876007725493906
AD53,2022-03-25T13:34:01Z,89457,35.508419905790305,-35.72576744325353,37858,72435,solar_tower_juelich_lower,50.913764268069535,6.388891186371286,88.77135468,50.91339201861857,6.387827970519021,122.91976440402784,50.91339203683997,6.387824563513243,122.8815,-1.8221399500362168e-08,3.407005777944505e-06,0.0382644040278421
AD53,2022-03-27T13:02:00Z,90780,38.80829471555927,-26.73555295581602,37861,70421,solar_tower_juelich_lower,50.913764268069535,6.388891186371286,88.77135468,50.91339202427113,6.387825816248243,123.05198075861892,50.91339203683997,6.387824563513243,122.8815,-1.2568840190851915e-08,1.2527349992907943e-06,0.1704807586189218
AD53,2022-04-12T07:33:46Z,93550,25.219517924235472,71.73049007013805,35385,44800,solar_tower_juelich_lower,50.913764268069535,6.388891186371286,88.77135468,50.913392002032985,6.387833674830314,122.99023117069092,50.91339203683997,6.387824563513243,122.8815,-3.480698751445743e-08,9.11131707059809e-06,0.1087311706909162
AD53,2022-04-12T11:44:22Z,94369,47.83327163269456,-3.352701877601325,35481,65279,solar_tower_juelich_lower,50.913764268069535,6.388891186371286,88.77135468,50.9133920230034,6.387826056017519,123.19839430990174,50.91339203683997,6.387824563513243,122.8815,-1.3836576329140373e-08,1.4925042757241158e-06,0.3168943099017411
AD53,2022-04-14T08:31:57Z,95220,34.20039032296225,58.5907384705449,35542,50025,solar_tower_juelich_lower,50.913764268069535,6.388891186371286,88.77135468,50.91339201100896,6.387830419114961,123.08898452765656,50.91339203683997,6.387824563513243,122.8815,-2.583101377240382e-08,5.855601717286163e-06,0.2074845276565611
AD53,2022-04-18T10:09:56Z,95933,46.46598469091211,30.668749034847803,34936,58253,solar_tower_juelich_lower,50.913764268069535,6.388891186371286,88.77135468,50.913392027060645,6.387824482725289,123.2948921063259,50.91339203683997,6.387824563513243,122.8815,-9.779327569958696e-09,-8.078795410426667e-08,0.4133921063259009
AD53,2022-04-18T11:41:17Z,96609,49.98330543048522,-2.856968450423884,34362,65119,solar_tower_juelich_lower,50.913764268069535,6.388891186371286,88.77135468,50.9133919690087,6.387845102081711,123.1983312421784,50.91339203683997,6.387824563513243,122.8815,-6.783127304288429e-08,2.0538568467287632e-05,0.3168312421783952
AD53,2022-04-18T13:14:32Z,97278,45.04248003884089,-36.24166662061935,32903,71357,solar_tower_juelich_lower,50.913764268069535,6.388891186371286,88.77135468,50.9133920505292,6.387818294815705,122.0853924890934,50.91339203683997,6.387824563513243,122.8815,1.368922397659844e-08,-6.268697537947787e-06,-0.7961075109066087
AD53,2022-04-27T12:20:05Z,98933,51.767314507313934,-19.02042596791729,32207,67851,solar_tower_juelich_lower,50.913764268069535,6.388891186371286,88.77135468,50.913392022371696,6.387826247636526,123.22071071099182,50.91339203683997,6.387824563513243,122.8815,-1.446827724294053e-08,1.684123282608141e-06,0.3392107109918214
AN47,2022-04-28T12:05:01Z,100284,52.72909443825288,-13.299907331054255,41996,54544,solar_tower_juelich_upper,50.914182129784685,6.3885188639489545,88.66609955,50.91339203896308,6.387817828495932,130.52530499914965,50.91339203683997,6.387824563513243,130.09766666666667,2.1231016944511794e-09,-6.7350173109659295e-06,0.4276383324829851
AN47,2022-05-03T10:57:09Z,101614,54.171791948698846,14.147874057787252,41145,48795,solar_tower_juelich_upper,50.914182129784685,6.3885188639489545,88.66609955,50.91339203788881,6.387818797103666,130.7366793378356,50.91339203683997,6.387824563513243,130.09766666666667,1.0488392376828415e-09,-5.766409577390164e-06,0.6390126711689277
AN47,2022-05-03T15:24:37Z,102752,32.02168890367476,-74.92127346292962,41638,69534,solar_tower_juelich_upper,50.914182129784685,6.3885188639489545,88.66609955,50.91339202403578,6.387826275124989,130.35864221090227,50.91339203683997,6.387824563513243,130.09766666666667,-1.2804193261217732e-08,1.7116117456694724e-06,0.2609755442356061
AN47,2022-05-04T12:16:02Z,104132,54.004833536415845,-18.50524089687922,41236,55514,solar_tower_juelich_upper,50.914182129784685,6.3885188639489545,88.66609955,50.91339203055541,6.387823616892186,130.93090454275713,50.91339203683997,6.387824563513243,130.09766666666667,-6.2845657566867885e-09,-9.466210570963084e-07,0.8332378760904646
AN47,2022-05-04T15:41:58Z,104879,29.57187428031544,-78.89701804362245,43272,71026,solar_tower_juelich_lower,50.914182129784685,6.3885188639489545,88.66609955,50.9133920292528,6.387823435621636,123.47199504391708,50.91339203683997,6.387824563513243,122.8815,-7.587175332446351e-09,-1.1278916076662426e-06,0.5904950439170733
AN47,2022-05-04T16:42:07Z,105336,20.167998468671644,-90.9916052554634,43571,74699,solar_tower_juelich_lower,50.914182129784685,6.3885188639489545,88.66609955,50.913392019446526,6.387827382777659,123.14473659621066,50.91339203683997,6.387824563513243,122.8815,-1.7393446682945072e-08,2.8192644156987967e-06,0.2632365962106604
AN47,2022-05-08T15:01:21Z,108770,36.556090164886285,-70.81820526735943,40962,67998,solar_tower_juelich_upper,50.914182129784685,6.3885188639489545,88.66609955,50.91339202728653,6.387824034727563,130.1871075095337,50.91339203683997,6.387824563513243,130.09766666666667,-9.553438928833202e-09,-5.287856801317048e-07,0.0894408428670203
AN47,2022-05-12T08:48:42Z,109327,44.230209229378254,59.48577459037024,40967,37360,solar_tower_juelich_lower,50.914182129784685,6.3885188639489545,88.66609955,50.9133920164933,6.387827361606804,123.93315469231352,50.91339203683997,6.387824563513243,122.8815,-2.0346668350157412e-08,2.7980935604077217e-06,1.0516546923135195
AN47,2022-05-12T09:51:56Z,109593,51.85211005422192,40.02512301905862,41243,43310,solar_tower_juelich_lower,50.914182129784685,6.3885188639489545,88.66609955,50.91339202001436,6.387825768117635,124.144420390967,50.91339203683997,6.387824563513243,122.8815,-1.6825609350235027e-08,1.204604391347175e-06,1.2629203909669968
AN47,2022-05-12T10:36:16Z,109896,55.53581220422844,23.31545597922917,41409,47336,solar_tower_juelich_lower,50.914182129784685,6.3885188639489545,88.66609955,50.91339202117259,6.38782524304229,124.20999512793772,50.91339203683997,6.387824563513243,122.8815,-1.5667382058381918e-08,6.795290463657011e-07,1.328495127937714
AN47,2022-05-12T11:21:22Z,110201,57.23807696361591,4.152404734310673,41552,51295,solar_tower_juelich_lower,50.914182129784685,6.3885188639489545,88.66609955,50.9133920218102,6.387824918064582,124.26872302369962,50.91339203683997,6.387824563513243,122.8815,-1.5029776534447592e-08,3.545513385105892e-07,1.3872230236996188
AN47,2022-05-13T13:17:45Z,110851,51.26678752766074,-42.9810292739494,40356,60480,solar_tower_juelich_upper,50.914182129784685,6.3885188639489545,88.66609955,50.91339203415219,6.387821345006072,130.89686164707717,50.91339203683997,6.387824563513243,130.09766666666667,-2.687784217414446e-09,-3.218507170998919e-06,0.7991949804105047
AN47,2022-05-17T14:09:55Z,111646,45.66310216313107,-59.64624246535042,41428,64708,solar_tower_juelich_lower,50.914182129784685,6.3885188639489545,88.66609955,50.91339202859792,6.387823572920714,123.53488501640804,50.91339203683997,6.387824563513243,122.8815,-8.242054150287004e-09,-9.905925297815088e-07,0.6533850164080377
AN47,2022-05-19T08:46:52Z,112186,45.2891535174606,61.339639908082674,38639,37180,solar_tower_juelich_upper,50.914182129784685,6.3885188639489545,88.66609955,50.91339201910153,6.387829504822792,130.50004629830474,50.91339203683997,6.387824563513243,130.09766666666667,-1.7738443602866028e-08,4.941309549089112e-06,0.4023796316380696
AN47,2022-05-19T10:37:39Z,112720,57.18089388697601,23.571060321397727,39381,47275,solar_tower_juelich_upper,50.914182129784685,6.3885188639489545,88.66609955,50.91339202319063,6.387827770917568,130.78345463444435,50.91339203683997,6.387824563513243,130.09766666666667,-1.3649348318267585e-08,3.207404324356844e-06,0.685787967777685
AN47,2022-05-25T09:46:14Z,113588,53.69050403130226,44.28376528751164,38580,42735,solar_tower_juelich_upper,50.914182129784685,6.3885188639489545,88.66609955,50.913392025058776,6.387826206037411,130.59572103696672,50.91339203683997,6.387824563513243,130.09766666666667,-1.1781196462834488e-08,1.6425241673445612e-06,0.4980543703000535
AN47,2022-05-31T10:42:28Z,114742,59.46001604051633,23.11358892408404,38511,47715,solar_tower_juelich_upper,50.914182129784685,6.3885188639489545,88.66609955,50.91339202303823,6.387827750945868,130.73772922320202,50.91339203683997,6.387824563513243,130.09766666666667,-1.3801745524233412e-08,3.1874326245073803e-06,0.640062556535355
AN47,2022-06-02T07:22:05Z,115609,34.21364967357428,83.5696389374351,36181,29480,solar_tower_juelich_upper,50.914182129784685,6.3885188639489545,88.66609955,50.91339202574272,6.387824990997784,130.2212377409666,50.91339203683997,6.387824563513243,130.09766666666667,-1.1097249341673889e-08,4.2748454109897693e-07,0.1235710742999174
AN47,2022-06-02T12:28:53Z,116406,59.28513953496034,-26.197523780462227,40105,56902,solar_tower_juelich_lower,50.914182129784685,6.3885188639489545,88.66609955,50.91339202489881,6.387824439059554,123.84037530300608,50.91339203683997,6.387824563513243,122.8815,-1.1941160948936158e-08,-1.2445368913205357e-07,0.9588753030060816
AN47,2022-06-02T14:01:51Z,117056,49.27340359730533,-59.35125566073496,40150,63986,solar_tower_juelich_lower,50.914182129784685,6.3885188639489545,88.66609955,50.91339202604819,6.3878242149216415,123.714264015384,50.91339203683997,6.387824563513243,122.8815,-1.0791779914143262e-08,-3.485916018064472e-07,0.8327640153840008
AN47,2022-06-02T15:29:43Z,117648,36.29771647666455,-80.85444607324973,39974,69998,solar_tower_juelich_lower,50.914182129784685,6.3885188639489545,88.66609955,50.91339202096561,6.387826499734748,123.39680376734118,50.91339203683997,6.387824563513243,122.8815,-1.5874363157308835e-08,1.936221504905689e-06,0.5153037673411802
AN47,2022-06-02T16:37:19Z,118060,25.692542378005086,-94.28411146808378,39586,74129,solar_tower_juelich_lower,50.914182129784685,6.3885188639489545,88.66609955,50.91339201735352,6.387828206388804,123.07805831329418,50.91339203683997,6.387824563513243,122.8815,-1.9486449787109453e-08,3.6428755603168383e-06,0.1965583132941759
AN47,2022-06-14T13:46:51Z,121309,52.41939255443869,-55.139627871359366,38254,62347,solar_tower_juelich_upper,50.914182129784685,6.3885188639489545,88.66609955,50.91339202510182,6.38782561247412,130.33933065471388,50.91339203683997,6.387824563513243,130.09766666666667,-1.1738151783902142e-08,1.0489608763819549e-06,0.2416639880472075
AN47,2022-06-15T11:58:32Z,122649,62.037102902590455,-11.590257540885004,38224,53941,solar_tower_juelich_upper,50.914182129784685,6.3885188639489545,88.66609955,50.91339202364714,6.3878267867321465,130.48412582474197,50.91339203683997,6.387824563513243,130.09766666666667,-1.3192831715969078e-08,2.2232189031967664e-06,0.3864591580752972
AN47,2022-06-16T10:02:33Z,124038,57.138916762168186,41.69082043815792,39057,44296,solar_tower_juelich_lower,50.914182129784685,6.3885188639489545,88.66609955,50.91339201633816,6.387827897342083,123.58313825055276,50.91339203683997,6.387824563513243,122.8815,-2.0501815356510643e-08,3.3338288396578264e-06,0.7016382505527616
AN47,2022-06-18T14:54:01Z,125337,43.13021504731292,-73.1824925419196,37925,67007,solar_tower_juelich_upper,50.914182129784685,6.3885188639489545,88.66609955,50.91339202245365,6.387826669594248,130.12575600800955,50.91339203683997,6.387824563513243,130.09766666666667,-1.438632324379796e-08,2.106081004704663e-06,0.0280893413428771
AN47,2022-06-22T09:27:44Z,126471,52.97787241446044,54.23713814247549,38772,41046,solar_tower_juelich_lower,50.914182129784685,6.3885188639489545,88.66609955,50.91339201391831,6.387828827675212,123.53560364470356,50.91339203683997,6.387824563513243,122.8815,-2.2921661013697303e-08,4.264161968414726e-06,0.6541036447035538
AN47,2022-06-22T13:32:24Z,127660,54.573887910866254,-50.05003414586356,38220,61152,solar_tower_juelich_upper,50.914182129784685,6.3885188639489545,88.66609955,50.913392025114,6.387825676964743,130.37232087482812,50.91339203683997,6.387824563513243,130.09766666666667,-1.1725973081411212e-08,1.113451499890061e-06,0.2746542081614507
AN47,2022-06-23T09:17:27Z,129237,51.60153456544977,57.46350463833836,38697,40086,solar_tower_juelich_lower,50.914182129784685,6.3885188639489545,88.66609955,50.91339201388156,6.3878288859774255,123.50087726708452,50.91339203683997,6.387824563513243,122.8815,-2.2958417389418173e-08,4.322464182138219e-06,0.6193772670845163
AN47,2022-06-28T14:04:52Z,130657,50.413604482702986,-59.630422167689055,38230,63435,solar_tower_juelich_upper,50.914182129784685,6.3885188639489545,88.66609955,50.913392023165024,6.387826694683638,130.31999959950122,50.91339203683997,6.387824563513243,130.09766666666667,-1.3674949173037021e-08,2.131170394825688e-06,0.2223329328345471
AN47,2022-06-30T12:00:28Z,131743,61.911581323910525,-10.933978783295002,39637,54157,solar_tower_juelich_lower,50.914182129784685,6.3885188639489545,88.66609955,50.913392017901934,6.387827254064641,123.6428521319375,50.91339203683997,6.387824563513243,122.8815,-1.8938038692795093e-08,2.6905513976771545e-06,0.7613521319374996
AN47,2022-07-01T12:52:34Z,132728,58.68201145722073,-34.25386826846419,38399,57973,solar_tower_juelich_upper,50.914182129784685,6.3885188639489545,88.66609955,50.91339202398801,6.387826393631171,130.3991626378015,50.91339203683997,6.387824563513243,130.09766666666667,-1.2851963049342885e-08,1.8301179274260448e-06,0.301495971134841
AN47,2022-07-02T10:44:23Z,134182,60.19756967018994,25.69232005300676,39417,47669,solar_tower_juelich_lower,50.914182129784685,6.3885188639489545,88.66609955,50.91339201697061,6.387827810480983,123.47947228233788,50.91339203683997,6.387824563513243,122.8815,-1.9869361267410568e-08,3.246967739123363e-06,0.5979722823378779
AN47,2022-07-03T10:21:12Z,135816,58.24896011127873,35.49883940780945,39329,45606,solar_tower_juelich_lower,50.914182129784685,6.3885188639489545,88.66609955,50.91339201664335,6.387827953511703,123.45993776681564,50.91339203683997,6.387824563513243,122.8815,-2.0196623040646955e-08,3.3899984597240973e-06,0.5784377668156395
AN47,2022-07-03T12:46:24Z,136530,59.10003193422322,-31.44131083694656,39821,57805,solar_tower_juelich_lower,50.914182129784685,6.3885188639489545,88.66609955,50.91339202432038,6.387825276734086,123.41698358526148,50.91339203683997,6.387824563513243,122.8815,-1.2519592473836385e-08,7.132208423854536e-07,0.5354835852614741
AN47,2022-07-03T15:13:27Z,137220,40.28516818022456,-76.51509210417885,39712,68505,solar_tower_juelich_lower,50.914182129784685,6.3885188639489545,88.66609955,50.91339202249225,6.387826295727907,123.15578876880714,50.91339203683997,6.387824563513243,122.8815,-1.4347719456964114e-08,1.732214663263676e-06,0.2742887688071391
AN47,2022-07-03T17:01:38Z,137665,23.36304800778954,-98.14776311619,38972,75119,solar_tower_juelich_lower,50.914182129784685,6.3885188639489545,88.66609955,50.91339200923085,6.387831431529562,122.75477394894315,50.91339203683997,6.387824563513243,122.8815,-2.7609118546934042e-08,6.8680163183287846e-06,-0.1267260510568491
AN47,2022-07-08T08:40:54Z,138625,45.32242012103826,67.48258413983264,38814,36307,solar_tower_juelich_lower,50.914182129784685,6.3885188639489545,88.66609955,50.913392012694025,6.38782953893844,123.32080491526176,50.91339203683997,6.387824563513243,122.8815,-2.4145947463694032e-08,4.975425196285244e-06,0.4393049152617578
AN47,2022-07-12T08:50:17Z,139501,46.19415237538436,64.73803318434975,39144,37066,solar_tower_juelich_lower,50.914182129784685,6.3885188639489545,88.66609955,50.913392012785664,6.387829490754545,123.33325133381436,50.91339203683997,6.387824563513243,122.8815,-2.4054308767063052e-08,4.927241302077334e-06,0.4517513338143573
AN47,2022-07-14T08:43:18Z,140880,44.93255384948417,66.35680678667052,37631,36200,solar_tower_juelich_upper,50.914182129784685,6.3885188639489545,88.66609955,50.91339201517742,6.387830732391802,130.09157541492695,50.91339203683997,6.387824563513243,130.09766666666667,-2.1662550864220972e-08,6.168878559087432e-06,-0.0060912517397184
AN47,2022-07-17T12:00:58Z,142214,59.97671377624869,-9.49371971602755,39124,53613,solar_tower_juelich_upper,50.914182129784685,6.3885188639489545,88.66609955,50.91339201977154,6.387828437365188,130.2260351022354,50.91339203683997,6.387824563513243,130.09766666666667,-1.7068430224753683e-08,3.873851944113937e-06,0.1283684355687171
AN47,2022-07-17T15:07:34Z,143177,40.11014459360754,-73.1905701185669,39017,67653,solar_tower_juelich_upper,50.914182129784685,6.3885188639489545,88.66609955,50.913392016380506,6.387829582971036,129.90287132803596,50.91339203683997,6.387824563513243,130.09766666666667,-2.045946700945933e-08,5.019457792521109e-06,-0.1947953386307119
AN47,2022-07-17T16:44:22Z,143661,25.03331574731165,-93.22779567190358,38249,73720,solar_tower_juelich_upper,50.914182129784685,6.3885188639489545,88.66609955,50.913392009823,6.3878323670766575,129.57075681680968,50.91339203683997,6.387824563513243,130.09766666666667,-2.7016973547233647e-08,7.803563414121584e-06,-0.5269098498569917
AN47,2022-08-02T07:37:09Z,149472,31.925576858657347,78.6258341643865,40774,29330,solar_tower_juelich_lower,50.914182129784685,6.3885188639489545,88.66609955,50.91339200972295,6.387830967227053,123.00718989068169,50.91339203683997,6.387824563513243,122.8815,-2.7117025069856043e-08,6.403713809888245e-06,0.1256898906816843
AN47,2022-08-03T14:19:28Z,149952,44.047359714021816,-57.96923052444356,42352,64701,solar_tower_juelich_lower,50.914182129784685,6.3885188639489545,88.66609955,50.91339201915451,6.3878271886713,123.36425724872424,50.91339203683997,6.387824563513243,122.8815,-1.7685465536487754e-08,2.625158056268617e-06,0.4827572487242406
AN47,2022-08-03T15:16:35Z,150243,35.884424667470114,-72.24372939918169,42504,68705,solar_tower_juelich_lower,50.914182129784685,6.3885188639489545,88.66609955,50.91339201467771,6.387829003929079,123.18940917854368,50.91339203683997,6.387824563513243,122.8815,-2.2162261359426345e-08,4.440415835915701e-06,0.3079091785436816
AN47,2022-08-03T15:46:40Z,150388,31.294029537352287,-78.86568579324774,42583,70692,solar_tower_juelich_lower,50.914182129784685,6.3885188639489545,88.66609955,50.91339201269585,6.38782980924277,123.1033847045713,50.91339203683997,6.387824563513243,122.8815,-2.4144121368863125e-08,5.245729526315301e-06,0.2218847045712948
AN47,2022-08-03T16:05:53Z,150446,28.30455969076445,-82.8680694084555,42633,71915,solar_tower_juelich_lower,50.914182129784685,6.3885188639489545,88.66609955,50.91339201216038,6.387830068712154,123.0449898408244,50.91339203683997,6.387824563513243,122.8815,-2.467959347995929e-08,5.5051989109600186e-06,0.163489840824397
AN47,2022-08-03T16:20:05Z,150500,26.07853853226585,-85.7360886035094,42671,72795,solar_tower_juelich_lower,50.914182129784685,6.3885188639489545,88.66609955,50.91339201414608,6.38782948358183,122.9562357716154,50.91339203683997,6.387824563513243,122.8815,-2.2693889434322045e-08,4.920068586322657e-06,0.0747357716153942
AN47,2022-08-03T16:30:17Z,150540,24.474452348861963,-87.75723611567317,42698,73416,solar_tower_juelich_lower,50.914182129784685,6.3885188639489545,88.66609955,50.91339201379426,6.387829616783503,122.9477928555004,50.91339203683997,6.387824563513243,122.8815,-2.3045714669933666e-08,5.0532702591254974e-06,0.0662928555003929
AN47,2022-08-03T16:38:00Z,150564,23.25954071263148,-89.26767137039239,42717,73878,solar_tower_juelich_lower,50.914182129784685,6.3885188639489545,88.66609955,50.91339201166489,6.387830411272148,122.90469668770356,50.91339203683997,6.387824563513243,122.8815,-2.517508335131424e-08,5.847758904664602e-06,0.0231966877035603
AN47,2022-08-03T16:43:47Z,150582,22.348835970541653,-90.3903562247376,42730,74221,solar_tower_juelich_lower,50.914182129784685,6.3885188639489545,88.66609955,50.91339201060375,6.387830784306429,122.90167902468689,50.91339203683997,6.387824563513243,122.8815,-2.623622208375309e-08,6.2207931854629805e-06,0.0201790246868824
AN47,2022-08-09T07:03:36Z,154385,25.37685989008612,84.00958343891125,41754,25723,solar_tower_juelich_lower,50.914182129784685,6.3885188639489545,88.66609955,50.91339200984034,6.387830924463487,123.0086369399781,50.91339203683997,6.387824563513243,122.8815,-2.6999629199053743e-08,6.3609502438666254e-06,0.1271369399781008
AN47,2022-08-09T09:10:43Z,155015,43.94875558779072,54.10993207448077,42161,38376,solar_tower_juelich_lower,50.914182129784685,6.3885188639489545,88.66609955,50.91339201301864,6.387829509289933,123.25295015883756,50.91339203683997,6.387824563513243,122.8815,-2.3821336014862027e-08,4.94577668952445e-06,0.3714501588375611
AN47,2022-08-09T10:59:21Z,155584,53.94280663350851,16.766756183364727,42471,48460,solar_tower_juelich_lower,50.914182129784685,6.3885188639489545,88.66609955,50.913392015008014,6.387828494979215,123.49198205372204,50.91339203683997,6.387824563513243,122.8815,-2.183195846328089e-08,3.931465971440673e-06,0.6104820537220377
AN47,2022-08-16T07:30:54Z,157536,28.175917049361527,76.56146933254016,43079,28374,solar_tower_juelich_lower,50.914182129784685,6.3885188639489545,88.66609955,50.913392011617496,6.387830238338218,123.0619599769965,50.91339203683997,6.387824563513243,122.8815,-2.522247655178944e-08,5.674824974377657e-06,0.1804599769965023
AN47,2022-08-16T10:34:29Z,158260,50.5541281763539,25.044502515471777,43612,46319,solar_tower_juelich_lower,50.914182129784685,6.3885188639489545,88.66609955,50.913392026277045,6.387826571352864,121.9903419101801,50.91339203683997,6.387824563513243,122.8815,-1.0562928309809653e-08,2.007839620787877e-06,-0.8911580898198963
AN47,2022-08-19T11:44:53Z,159269,51.759159610601145,-2.673897296043044,43847,52512,solar_tower_juelich_lower,50.914182129784685,6.3885188639489545,88.66609955,50.91339201700514,6.387827568557067,123.6488199702924,50.91339203683997,6.387824563513243,122.8815,-1.9834828890452627e-08,3.005043823556264e-06,0.767319970292391
AN47,2022-08-25T08:25:45Z,160339,34.15463408609264,61.42543929732689,44572,33904,solar_tower_juelich_lower,50.914182129784685,6.3885188639489545,88.66609955,50.913392016238,6.387828615347496,123.064359428778,50.91339203683997,6.387824563513243,122.8815,-2.0601973460543377e-08,4.051834252116748e-06,0.1828594287780021
AN47,2022-08-29T09:25:39Z,161091,40.59293817608921,44.19816964924407,45101,39848,solar_tower_juelich_lower,50.914182129784685,6.3885188639489545,88.66609955,50.91339201559634,6.387828086725563,123.64049768456032,50.91339203683997,6.387824563513243,122.8815,-2.1243629078071532e-08,3.5232123192230347e-06,0.7589976845603132
AN47,2022-09-01T09:50:54Z,162212,42.253907272470336,35.729654220344585,44139,42097,solar_tower_juelich_upper,50.914182129784685,6.3885188639489545,88.66609955,50.91339202021132,6.387828903895404,130.52158116874926,50.91339203683997,6.387824563513243,130.09766666666667,-1.6628654009309685e-08,4.340382160350487e-06,0.4239145020825958
AN47,2022-09-01T14:44:00Z,162598,32.19407288199477,-59.39394845278978,46768,66857,solar_tower_juelich_lower,50.914182129784685,6.3885188639489545,88.66609955,50.91339201949983,6.387826790397593,123.56345546013829,50.91339203683997,6.387824563513243,122.8815,-1.7340141766908346e-08,2.2268843498096658e-06,0.6819554601382833
AN47,2022-09-02T11:13:02Z,163681,46.70480683136379,7.643918603164214,45716,49916,solar_tower_juelich_lower,50.914182129784685,6.3885188639489545,88.66609955,50.91339201805802,6.387826942718304,123.82588871029655,50.91339203683997,6.387824563513243,122.8815,-1.8781953770030668e-08,2.379205060520917e-06,0.9443887102965504
AN47,2022-09-04T09:50:42Z,164351,41.303889851173565,34.94855862355923,45998,42353,solar_tower_juelich_lower,50.914182129784685,6.3885188639489545,88.66609955,50.91339201708796,6.387827869120343,123.40456110700632,50.91339203683997,6.387824563513243,122.8815,-1.9752015134599787e-08,3.305607100045904e-06,0.5230611070063134
AN47,2022-09-06T07:22:08Z,165088,22.00617983147664,72.20190701324087,47274,27535,solar_tower_juelich_lower,50.914182129784685,6.3885188639489545,88.66609955,50.913392015047854,6.387829032089663,123.06479919213842,50.91339203683997,6.387824563513243,122.8815,-2.1792118332086846e-08,4.468576419114356e-06,0.1832991921384206
AN47,2022-09-08T11:53:11Z,166005,44.47989649672655,-7.3431959433984995,46693,53552,solar_tower_juelich_lower,50.914182129784685,6.3885188639489545,88.66609955,50.91339202733193,6.387823710397266,123.7409213362302,50.91339203683997,6.387824563513243,122.8815,-9.508042353445493e-09,-8.531159769731289e-07,0.8594213362301986
AN47,2022-09-29T08:48:30Z,166794,27.13519817013388,45.03677459090922,50418,37037,solar_tower_juelich_lower,50.914182129784685,6.3885188639489545,88.66609955,50.91339202374538,6.3878253613003775,123.4998537952402,50.91339203683997,6.387824563513243,122.8815,-1.3094592077322886e-08,7.977871341324771e-07,0.6183537952401963
AN47,2022-09-29T11:27:10Z,167439,36.599832208953984,-0.7423904582747788,49764,51762,solar_tower_juelich_lower,50.914182129784685,6.3885188639489545,88.66609955,50.9133920232014,6.387824951122022,123.90988861850906,50.91339203683997,6.387824563513243,122.8815,-1.363857649039346e-08,3.87608778851245e-07,1.0283886185090552
AN47,2022-10-04T10:13:12Z,168307,32.68601724042496,20.863457037736094,50568,45251,solar_tower_juelich_lower,50.914182129784685,6.3885188639489545,88.66609955,50.91339202204109,6.387825510203559,123.81743455499064,50.91339203683997,6.387824563513243,122.8815,-1.4798885672462347e-08,9.4669031547312e-07,0.935934554990638
AN47,2022-10-04T13:22:25Z,168964,29.03133720871084,-34.522602175945735,51281,61297,solar_tower_juelich_lower,50.914182129784685,6.3885188639489545,88.66609955,50.91339202350157,6.387824860263188,123.89764556850112,50.91339203683997,6.387824563513243,122.8815,-1.3338400606244253e-08,2.967499446171473e-07,1.0161455685011165
AN47,2022-10-07T13:17:40Z,171156,28.29446747455587,-33.03558226482868,50363,60730,solar_tower_juelich_upper,50.914182129784685,6.3885188639489545,88.66609955,50.91339203193265,6.387822568757775,130.8294515591663,50.91339203683997,6.387824563513243,130.09766666666667,-4.907320771962986e-09,-1.994755468359699e-06,0.7317848924996326
AN47,2022-10-11T10:26:53Z,172150,30.843254598777115,15.745747045041307,50261,46434,solar_tower_juelich_upper,50.914182129784685,6.3885188639489545,88.66609955,50.91339202532338,6.387826138728182,130.63553548580126,50.91339203683997,6.387824563513243,130.09766666666667,-1.1516590348037424e-08,1.575214938931424e-06,0.5378688191345873
AN47,2022-10-11T14:08:04Z,172775,21.770819263322995,-45.309058848906346,53061,64714,solar_tower_juelich_lower,50.914182129784685,6.3885188639489545,88.66609955,50.91339202446107,6.387824702646393,123.77099776495666,50.91339203683997,6.387824563513243,122.8815,-1.2378905012155885e-08,1.3913314944602464e-07,0.8894977649566584
AN47,2022-10-18T13:58:35Z,173399,20.314267437169864,-42.20663806230745,52594,63814,solar_tower_juelich_upper,50.914182129784685,6.3885188639489545,88.66609955,50.91339203004864,6.387822924794429,130.43702913133856,50.91339203683997,6.387824563513243,130.09766666666667,-6.791331941258249e-09,-1.6387188139788122e-06,0.3393624646718933
AN47,2022-10-25T13:59:17Z,174925,17.896413410361426,-41.50257300680654,54976,64000,solar_tower_juelich_lower,50.914182129784685,6.3885188639489545,88.66609955,50.91339202498848,6.387824765236921,123.60216323495966,50.91339203683997,6.387824563513243,122.8815,-1.1851490455683232e-08,2.017236777618337e-07,0.7206632349596589
AN47,2022-11-04T11:17:29Z,176818,23.68136042050761,0.140930956435673,53353,51141,solar_tower_juelich_upper,50.914182129784685,6.3885188639489545,88.66609955,50.91339202725825,6.387824565819954,130.43928289973766,50.91339203683997,6.387824563513243,130.09766666666667,-9.581725635143812e-09,2.3067103782636877e-09,0.3416162330709937
AN47,2022-11-11T12:32:21Z,177719,19.73880262490329,-18.7227365258135,55708,57306,solar_tower_juelich_lower,50.914182129784685,6.3885188639489545,88.66609955,50.9133920256315,6.387823997747611,123.95416328244926,50.91339203683997,6.387824563513243,122.8815,-1.1208470596102416e-08,-5.657656325652738e-07,1.0726632824492557
AN47,2023-02-07T11:23:22Z,179334,23.58272509587426,6.618081349716409,55248,49297,solar_tower_juelich_lower,50.914182129784685,6.3885188639489545,88.66609955,50.91339203416101,6.387821052277124,123.85510240273668,50.91339203683997,6.387824563513243,122.8815,-2.6789663820636633e-09,-3.5112361196354414e-06,0.973602402736674
AN47,2023-02-07T13:06:59Z,179835,21.645979445021865,-20.381431440344056,55756,57881,solar_tower_juelich_lower,50.914182129784685,6.3885188639489545,88.66609955,50.91339206019728,6.387813832361744,122.73956726884848,50.91339203683997,6.387824563513243,122.8815,2.3357308975846536e-08,-1.0731151498966083e-05,-0.1419327311515275
AN47,2023-02-07T13:17:28Z,179907,21.03753636665832,-23.01912500268875,55849,58664,solar_tower_juelich_lower,50.914182129784685,6.3885188639489545,88.66609955,50.91339205130583,6.387815841985674,123.32369805193218,50.91339203683997,6.387824563513243,122.8815,1.4465854292211588e-08,-8.721527569477416e-06,0.4421980519321806
AN47,2023-02-13T08:42:40Z,180989,14.092742769493873,46.64562413823032,56515,34722,solar_tower_juelich_lower,50.914182129784685,6.3885188639489545,88.66609955,50.91339203645188,6.387821783954745,122.90306201326705,50.91339203683997,6.387824563513243,122.8815,-3.88091336844809e-10,-2.779558498033907e-06,0.0215620132670437
AN47,2023-02-13T11:40:02Z,182051,25.733047956619306,2.312819772154468,54575,50732,solar_tower_juelich_lower,50.914182129784685,6.3885188639489545,88.66609955,50.91339203913829,6.387819711406359,123.58630270873174,50.91339203683997,6.387824563513243,122.8815,2.29832153308962e-09,-4.85210688427884e-06,0.7048027087317337
AN47,2023-02-13T14:23:10Z,182782,17.53006257194682,-39.57294344258418,56111,63540,solar_tower_juelich_lower,50.914182129784685,6.3885188639489545,88.66609955,50.91339204010265,6.387819965430732,123.23427675874323,50.91339203683997,6.387824563513243,122.8815,3.262677239490584e-09,-4.598082511186874e-06,0.3527767587432322
AN47,2023-02-14T09:53:35Z,182923,21.343098635311733,30.19433827653932,54965,41234,solar_tower_juelich_lower,50.914182129784685,6.3885188639489545,88.66609955,50.91339202388052,6.387824728125001,123.89382718091014,50.91339203683997,6.387824563513243,122.8815,-1.2959453954408673e-08,1.6461175800230876e-07,1.012327180910134
AN47,2023-02-14T10:14:36Z,183107,22.877628744951284,24.92561904819221,54851,43121,solar_tower_juelich_lower,50.914182129784685,6.3885188639489545,88.66609955,50.91339201948645,6.3878269835122365,123.42770170624352,50.91339203683997,6.387824563513243,122.8815,-1.7353521286622712e-08,2.419998993197225e-06,0.5462017062435223
AN47,2023-02-14T10:21:35Z,183169,23.32671911349146,23.14286063029271,54808,43759,solar_tower_juelich_lower,50.914182129784685,6.3885188639489545,88.66609955,50.91339201928053,6.38782731762305,123.23649741060204,50.91339203683997,6.387824563513243,122.8815,-1.7559443676873343e-08,2.754109806879512e-06,0.3549974106020386
AN47,2023-02-14T10:43:11Z,183355,24.51324701757308,17.537656112207507,54674,45702,solar_tower_juelich_lower,50.914182129784685,6.3885188639489545,88.66609955,50.91339201966213,6.387827232911962,123.19953793139766,50.91339203683997,6.387824563513243,122.8815,-1.7177839595206024e-08,2.669398718957438e-06,0.3180379313976544
AN47,2023-02-14T11:04:03Z,183507,25.35567111016058,12.011834497645612,54601,47543,solar_tower_juelich_lower,50.914182129784685,6.3885188639489545,88.66609955,50.91339201831192,6.387827926097569,123.03553206819944,50.91339203683997,6.387824563513243,122.8815,-1.852804842883416e-08,3.362584325650176e-06,0.1540320681994416
AN47,2023-02-14T11:42:03Z,183688,26.08261395094505,1.7709968277998789,54546,50832,solar_tower_juelich_lower,50.914182129784685,6.3885188639489545,88.66609955,50.9133920196457,6.387827416533898,123.0673673557402,50.91339203683997,6.387824563513243,122.8815,-1.7194274448684155e-08,2.853020654391969e-06,0.1858673557401999
AN47,2023-02-14T12:08:33Z,183857,25.956430693907546,-5.409168471330984,54594,53062,solar_tower_juelich_lower,50.914182129784685,6.3885188639489545,88.66609955,50.91339201862217,6.38782773139014,123.10064786109773,50.91339203683997,6.387824563513243,122.8815,-1.821780415411922e-08,3.1678768968035342e-06,0.2191478610977242
AN47,2023-02-14T12:30:06Z,183938,25.470754863019668,-11.213548534576852,54688,54840,solar_tower_juelich_lower,50.914182129784685,6.3885188639489545,88.66609955,50.91339201826282,6.387827857002066,123.10108992785857,50.91339203683997,6.387824563513243,122.8815,-1.857715403730253e-08,3.2934888229974035e-06,0.2195899278585642
AN47,2023-02-14T14:27:28Z,184855,17.398367920638098,-40.72702062700152,56092,63810,solar_tower_juelich_lower,50.914182129784685,6.3885188639489545,88.66609955,50.91339201886269,6.387827785036495,122.99627188609924,50.91339203683997,6.387824563513243,122.8815,-1.7977285438064428e-08,3.2215232517174286e-06,0.1147718860992341
AN47,2023-02-21T14:42:25Z,186122,17.945421328008333,-45.43772918403173,54063,64864,solar_tower_juelich_upper,50.914182129784685,6.3885188639489545,88.66609955,50.9133920226533,6.387825396025268,129.57420777339672,50.91339203683997,6.387824563513243,130.09766666666667,-1.4186674945904088e-08,8.325120246510664e-07,-0.5234588932699467
AN47,2023-02-21T15:27:46Z,186329,12.466514896321604,-55.48780270196492,55003,67948,solar_tower_juelich_upper,50.914182129784685,6.3885188639489545,88.66609955,50.91339202177269,6.387826042866473,129.6557285751056,50.91339203683997,6.387824563513243,130.09766666666667,-1.506727898004101e-08,1.47935322925008e-06,-0.4419380915610702
AN47,2023-02-27T12:48:11Z,187566,29.33439888627836,-17.371399468944993,51789,56308,solar_tower_juelich_upper,50.914182129784685,6.3885188639489545,88.66609955,50.91339201728855,6.387829680228018,130.15164503100291,50.91339203683997,6.387824563513243,130.09766666666667,-1.955142181486736e-08,5.116714774544562e-06,0.0539783643362454
AN47,2023-02-28T09:05:54Z,188471,21.645057475435777,43.518389458184565,52371,36449,solar_tower_juelich_upper,50.914182129784685,6.3885188639489545,88.66609955,50.91339201183914,6.387830567496267,129.28246380729496,50.91339203683997,6.387824563513243,130.09766666666667,-2.5000829850796435e-08,6.003983023639137e-06,-0.8152028593717091
AN47,2023-02-28T10:23:53Z,188947,28.44851718249457,23.547531393775216,51530,43798,solar_tower_juelich_upper,50.914182129784685,6.3885188639489545,88.66609955,50.91339201960214,6.387828417156326,130.17680824305978,50.91339203683997,6.387824563513243,130.09766666666667,-1.7237830718386252e-08,3.853643082862845e-06,0.0791415763931127
AN47,2023-02-28T10:43:45Z,189103,29.56498492488312,18.07104158562372,51463,45616,solar_tower_juelich_upper,50.914182129784685,6.3885188639489545,88.66609955,50.91339202143081,6.387827202060053,130.10322488969015,50.91339203683997,6.387824563513243,130.09766666666667,-1.540916372277934e-08,2.638546809485831e-06,0.0055582230234847
AN47,2023-02-28T11:17:03Z,189355,30.78574349866667,8.63350048381921,51420,48593,solar_tower_juelich_upper,50.914182129784685,6.3885188639489545,88.66609955,50.91339201675827,6.38782951171865,129.96080541965352,50.91339203683997,6.387824563513243,130.09766666666667,-2.0081699858565123e-08,4.948205406307693e-06,-0.1368612470131438
AN47,2023-02-28T11:52:38Z,189577,31.13735729095463,-1.6338765078565427,51440,51700,solar_tower_juelich_upper,50.914182129784685,6.3885188639489545,88.66609955,50.9133920198763,6.387827913580816,130.0284753627693,50.91339203683997,6.387824563513243,130.09766666666667,-1.6963674909220572e-08,3.3500675726827467e-06,-0.0691913038973552
AN47,2023-02-28T12:13:58Z,189705,30.86699152099191,-7.787738479343381,51508,53515,solar_tower_juelich_upper,50.914182129784685,6.3885188639489545,88.66609955,50.9133920210395,6.387827198144422,130.00281232826688,50.91339203683997,6.387824563513243,130.09766666666667,-1.5800473818217142e-08,2.6346311789993138e-06,-0.0948543383997844
AN47,2023-02-28T14:15:27Z,190079,23.048690456480006,-40.49662515680606,52572,63116,solar_tower_juelich_upper,50.914182129784685,6.3885188639489545,88.66609955,50.91339202203939,6.38782645386136,129.91994311096704,50.91339203683997,6.387824563513243,130.09766666666667,-1.4800583869600814e-08,1.8903481162624305e-06,-0.1777235556996288
AN47,2023-03-01T13:44:23Z,190816,26.295268487557035,-32.86363176363191,52029,60811,solar_tower_juelich_upper,50.914182129784685,6.3885188639489545,88.66609955,50.91339202046964,6.3878273864153,129.94367038229854,50.91339203683997,6.387824563513243,130.09766666666667,-1.63703361977241e-08,2.8229020561099105e-06,-0.1539962843681337
AN47,2023-03-01T14:30:27Z,191029,21.782685080059444,-44.349074318912194,52647,64236,solar_tower_juelich_upper,50.914182129784685,6.3885188639489545,88.66609955,50.913392020719385,6.38782712764999,129.8902677378029,50.91339203683997,6.387824563513243,130.09766666666667,-1.6120587531531786e-08,2.564136746485701e-06,-0.2073989288637676
AN47,2023-03-01T14:53:51Z,191135,19.09275311124787,-49.82884692678556,53045,65894,solar_tower_juelich_upper,50.914182129784685,6.3885188639489545,88.66609955,50.91339201779515,6.387828652825076,129.84370217559797,50.91339203683997,6.387824563513243,130.09766666666667,-1.9044826160552475e-08,4.0893118322671285e-06,-0.2539644910687002
AN47,2023-03-01T15:11:09Z,191187,16.960196100327266,-53.73695254923432,53380,67091,solar_tower_juelich_upper,50.914182129784685,6.3885188639489545,88.66609955,50.91339201756843,6.387828878365237,129.88595568771265,50.91339203683997,6.387824563513243,130.09766666666667,-1.9271546136678808e-08,4.314851993925117e-06,-0.2117109789540165
AN47,2023-03-01T15:50:29Z,191352,11.737465679298214,-62.22095458863339,54310,69689,solar_tower_juelich_upper,50.914182129784685,6.3885188639489545,88.66609955,50.9133920170578,6.387828831859279,129.74511472047527,50.91339203683997,6.387824563513243,130.09766666666667,-1.9782177673732804e-08,4.268346035729564e-06,-0.3525519461913973
AN47,2023-03-01T16:19:34Z,191456,7.620218038569181,-68.19732552774778,55156,71499,solar_tower_juelich_upper,50.914182129784685,6.3885188639489545,88.66609955,50.91339202162632,6.387826087077775,129.6384081979145,50.91339203683997,6.387824563513243,130.09766666666667,-1.521365078360759e-08,1.5235645314248814e-06,-0.4592584687521821
AN47,2023-07-11T10:54:37Z,230750,59.8719475323977,21.27247176932857,40756,48372,solar_tower_juelich_lower,50.914182129784685,6.3885188639489545,88.66609955,50.913392019828265,6.387827678784972,122.8212791608236,50.91339203683997,6.387824563513243,122.8815,-1.7011707598157955e-08,3.1152717285820586e-06,-0.0602208391764094
AN47,2023-07-11T11:25:48Z,230786,61.0638220911874,6.795126198603733,40856,51078,solar_tower_juelich_lower,50.914182129784685,6.3885188639489545,88.66609955,50.9133920241725,6.387826009587769,122.93844080041568,50.91339203683997,6.387824563513243,122.8815,-1.2667470628002777e-08,1.4460745259015084e-06,0.0569408004156741
AN47,2023-07-11T12:11:09Z,230867,60.55736255172699,-14.804219719677544,41012,54843,solar_tower_juelich_lower,50.914182129784685,6.3885188639489545,88.66609955,50.91339202106997,6.387827214564064,122.8464128559577,50.91339203683997,6.387824563513243,122.8815,-1.5770005745707752e-08,2.6510508206456507e-06,-0.0350871440423077
AN47,2023-07-11T12:26:21Z,230933,59.8050532814287,-21.722029159389727,41023,56069,solar_tower_juelich_lower,50.914182129784685,6.3885188639489545,88.66609955,50.91339202182496,6.387826806759601,122.95418502549292,50.91339203683997,6.387824563513243,122.8815,-1.5015018561825855e-08,2.2432463575583483e-06,0.0726850254929161
AN47,2023-07-11T12:41:37Z,231012,58.78522302282454,-28.35409337243805,41055,57287,solar_tower_juelich_lower,50.914182129784685,6.3885188639489545,88.66609955,50.91339202183268,6.387826835669822,122.93088183440015,50.91339203683997,6.387824563513243,122.8815,-1.5007294962288142e-08,2.272156578442264e-06,0.049381834400151
AN47,2023-07-11T12:56:51Z,231089,57.5301363153477,-34.6054731963625,41065,58488,solar_tower_juelich_lower,50.914182129784685,6.3885188639489545,88.66609955,50.9133920215583,6.387826838659931,122.99927502819732,50.91339203683997,6.387824563513243,122.8815,-1.5281671039701905e-08,2.275146687935603e-06,0.1177750281973146
AN47,2023-07-11T13:12:32Z,231167,56.02005609834086,-40.636178219812,41086,59708,solar_tower_juelich_lower,50.914182129784685,6.3885188639489545,88.66609955,50.91339202138594,6.38782693784577,122.97053474775804,50.91339203683997,6.387824563513243,122.8815,-1.545403449654259e-08,2.3743325270331184e-06,0.0890347477580348
AN47,2023-07-11T13:31:03Z,231264,53.99398580537651,-47.22981424511735,41094,61118,solar_tower_juelich_lower,50.914182129784685,6.3885188639489545,88.66609955,50.91339201947447,6.387827577676446,122.99137004689484,50.91339203683997,6.387824563513243,122.8815,-1.7365501037147624e-08,3.014163202585962e-06,0.1098700468948408
AN47,2023-07-11T13:47:16Z,231347,52.036323427475466,-52.566257022340686,41097,62336,solar_tower_juelich_lower,50.914182129784685,6.3885188639489545,88.66609955,50.91339201968238,6.387827512307379,122.98588673416366,50.91339203683997,6.387824563513243,122.8815,-1.7157596232664222e-08,2.9487941359818137e-06,0.1043867341636541
AN47,2023-07-11T14:26:37Z,231486,46.7596099456209,-64.00849967142082,41081,65188,solar_tower_juelich_lower,50.914182129784685,6.3885188639489545,88.66609955,50.91339201639872,6.387828694189634,122.95882757173284,50.91339203683997,6.387824563513243,122.8815,-2.044124869371444e-08,4.1306763902682064e-06,0.0773275717328374
AN47,2023-07-14T07:26:10Z,231594,33.2556337417488,83.94461555184465,39214,28939,solar_tower_juelich_lower,50.914182129784685,6.3885188639489545,88.66609955,50.91339201004384,6.387831072086654,122.82217289493796,50.91339203683997,6.387824563513243,122.8815,-2.6796129759532054e-08,6.508573410890506e-06,-0.0593271050620387
AN47,2023-07-14T08:28:42Z,231619,42.8307132628555,70.04030152371232,39875,35082,solar_tower_juelich_lower,50.914182129784685,6.3885188639489545,88.66609955,50.91339204389371,6.387818987518207,123.0244399677729,50.91339203683997,6.387824563513243,122.8815,7.0537353735744546e-09,-5.575995036366521e-06,0.1429399677729037
AN47,2023-07-14T08:46:08Z,231667,45.37241428157045,65.65187482587369,40048,36598,solar_tower_juelich_lower,50.914182129784685,6.3885188639489545,88.66609955,50.91339201396174,6.387829367335364,123.10121963604944,50.91339203683997,6.387824563513243,122.8815,-2.287823264168765e-08,4.803822120535983e-06,0.2197196360494331
AN47,2023-07-17T09:03:26Z,232147,47.378798631945415,60.65939674954833,38875,37965,solar_tower_juelich_upper,50.914182129784685,6.3885188639489545,88.66609955,50.91339201625714,6.387829557121118,129.86370280032912,50.91339203683997,6.387824563513243,130.09766666666667,-2.0582831439242e-08,4.9936078747592205e-06,-0.2339638663375467
AN47,2023-07-17T09:54:03Z,232196,53.73014005254736,44.95339282922761,39322,42599,solar_tower_juelich_upper,50.914182129784685,6.3885188639489545,88.66609955,50.91339201687851,6.387829289426563,129.89665740750755,50.91339203683997,6.387824563513243,130.09766666666667,-1.9961461816819792e-08,4.7259133193477965e-06,-0.2010092591591217
AN47,2023-07-17T10:10:48Z,232332,55.49273884674562,38.93778022194503,39434,44111,solar_tower_juelich_upper,50.914182129784685,6.3885188639489545,88.66609955,50.91339201899774,6.387828200315921,129.93828251633835,50.91339203683997,6.387824563513243,130.09766666666667,-1.7842232580278505e-08,3.636802677675632e-06,-0.1593841503283215
AN47,2023-07-17T10:36:17Z,232395,57.73341255404506,28.9326276503277,39590,46313,solar_tower_juelich_upper,50.914182129784685,6.3885188639489545,88.66609955,50.91339201110885,6.387832639645189,129.94268734266143,50.91339203683997,6.387824563513243,130.09766666666667,-2.5731118569183312e-08,8.07613194542256e-06,-0.1549793240052395
AN47,2023-08-10T07:46:19Z,234072,31.82724231471119,74.84588050085064,42835,30024,solar_tower_juelich_lower,50.914182129784685,6.3885188639489545,88.66609955,50.91339201242569,6.387830166063465,122.88839425918384,50.91339203683997,6.387824563513243,122.8815,-2.4414283927853844e-08,5.602550221972535e-06,0.0068942591838379
AN47,2023-08-10T08:18:04Z,234137,36.55453089077224,67.58139492640036,42924,33201,solar_tower_juelich_lower,50.914182129784685,6.3885188639489545,88.66609955,50.9133920132992,6.387829787367792,122.9495136588149,50.91339203683997,6.387824563513243,122.8815,-2.354077821564715e-08,5.223854548930262e-06,0.0680136588148911
AN47,2023-08-10T08:43:14Z,234208,40.12678719845745,61.33970971915004,42998,35637,solar_tower_juelich_lower,50.914182129784685,6.3885188639489545,88.66609955,50.91339200487448,6.387832635456239,123.0321359771653,50.91339203683997,6.387824563513243,122.8815,-3.196549869244336e-08,8.071942995790948e-06,0.1506359771652938
AN47,2023-08-10T16:03:41Z,236267,27.093728476798383,-81.20180138837453,44514,71839,solar_tower_juelich_lower,50.914182129784685,6.3885188639489545,88.66609955,50.9133920128484,6.387830055282216,122.85843796564298,50.91339203683997,6.387824563513243,122.8815,-2.3991574948922792e-08,5.491768972909483e-06,-0.0230620343570251
AN47,2023-08-10T16:27:18Z,236364,23.397170477262243,-85.9787932488846,44651,73304,solar_tower_juelich_lower,50.914182129784685,6.3885188639489545,88.66609955,50.913392012294906,6.387830348576304,122.77410647741726,50.91339203683997,6.387824563513243,122.8815,-2.454506642379784e-08,5.785063060592677e-06,-0.1073935225827398
AN47,2023-08-10T16:52:31Z,236447,19.429213813459,-90.912980481763,44812,74804,solar_tower_juelich_lower,50.914182129784685,6.3885188639489545,88.66609955,50.91339201059783,6.387830969218151,122.74571438490604,50.91339203683997,6.387824563513243,122.8815,-2.6242148010169334e-08,6.405704907841425e-06,-0.1357856150939653
AN47,2023-08-15T10:41:36Z,237578,51.36736035627736,22.650062780279487,42611,46585,solar_tower_juelich_upper,50.914182129784685,6.3885188639489545,88.66609955,50.91339201210239,6.387832075567888,129.94033877439702,50.91339203683997,6.387824563513243,130.09766666666667,-2.4737580872624693e-08,7.512054644998045e-06,-0.1573278922696488
AN47,2023-08-15T11:46:01Z,237677,53.11234886036233,-2.827944482138431,42809,52259,solar_tower_juelich_upper,50.914182129784685,6.3885188639489545,88.66609955,50.91339201365542,6.387831337313836,129.9920079185845,50.91339203683997,6.387824563513243,130.09766666666667,-2.3184554720501186e-08,6.773800592441148e-06,-0.1056587480821633
AN47,2023-08-31T09:05:59Z,241800,37.84903689285312,49.21994703163603,44757,37734,solar_tower_juelich_upper,50.914182129784685,6.3885188639489545,88.66609955,50.91339201281215,6.387831760228357,129.97203739957794,50.91339203683997,6.387824563513243,130.09766666666667,-2.4027826839301286e-08,7.196715113622076e-06,-0.1256292670887262
AN47,2023-08-31T09:33:08Z,241995,40.886200486986034,41.47718310702847,44764,40361,solar_tower_juelich_upper,50.914182129784685,6.3885188639489545,88.66609955,50.91339201286495,6.387831926401021,130.04614795062852,50.91339203683997,6.387824563513243,130.09766666666667,-2.3975019303179585e-08,7.362887777695448e-06,-0.0515187160381458
AN47,2023-08-31T10:01:25Z,242196,43.5696184169888,32.7552140355192,44784,42954,solar_tower_juelich_upper,50.914182129784685,6.3885188639489545,88.66609955,50.91339200345351,6.387837540220599,130.1353109556707,50.91339203683997,6.387824563513243,130.09766666666667,-3.338646337169848e-08,1.2976707355782937e-05,0.0376442890040209
AN47,2023-09-04T10:21:56Z,242834,43.83799232669391,25.025314486283985,46768,45277,solar_tower_juelich_lower,50.914182129784685,6.3885188639489545,88.66609955,50.91339201033536,6.3878302942325735,123.38708747455362,50.91339203683997,6.387824563513243,122.8815,-2.6504615391331764e-08,5.730719330188094e-06,0.5055874745536215
AN47,2023-09-04T10:58:42Z,243023,45.69140298850676,12.435675911451522,46786,48648,solar_tower_juelich_lower,50.914182129784685,6.3885188639489545,88.66609955,50.91339201281484,6.387829342133448,123.442314736613,50.91339203683997,6.387824563513243,122.8815,-2.4025133882332745e-08,4.778620204426432e-06,0.560814736612997
AN47,2023-09-04T11:39:28Z,243210,46.26007559923853,-2.110643277530557,46863,52270,solar_tower_juelich_lower,50.914182129784685,6.3885188639489545,88.66609955,50.9133920204749,6.387826587140781,123.45933768148215,50.91339203683997,6.387824563513243,122.8815,-1.6365071076052118e-08,2.023627537539596e-06,0.5778376814821513
AN47,2023-09-04T12:40:13Z,243392,44.126684230089225,-23.34810582325189,47092,57415,solar_tower_juelich_lower,50.914182129784685,6.3885188639489545,88.66609955,50.91339201787275,6.387827532326702,123.44702313764378,50.91339203683997,6.387824563513243,122.8815,-1.896722068295276e-08,2.968813459069964e-06,0.5655231376437797
AN47,2023-09-04T13:13:34Z,243497,41.59142202396292,-34.099716122777075,47281,60106,solar_tower_juelich_lower,50.914182129784685,6.3885188639489545,88.66609955,50.91339202094929,6.387826463302219,123.42697426827706,50.91339203683997,6.387824563513243,122.8815,-1.5890684323949245e-08,1.8997889759120312e-06,0.5454742682770615
AN47,2023-09-04T13:49:10Z,243569,38.0245483825268,-44.62539646908216,47538,62867,solar_tower_juelich_lower,50.914182129784685,6.3885188639489545,88.66609955,50.913392018419415,6.387827422072625,123.38475848413115,50.91339203683997,6.387824563513243,122.8815,-1.8420557523768373e-08,2.858559382090675e-06,0.5032584841311518
AN47,2023-09-04T14:26:27Z,243652,33.54258936744139,-54.60602122306515,47879,65620,solar_tower_juelich_lower,50.914182129784685,6.3885188639489545,88.66609955,50.913392012764106,6.38782953152547,123.30695138924564,50.91339203683997,6.387824563513243,122.8815,-2.4075866633666013e-08,4.96801222649168e-06,0.4254513892456373
AN47,2023-09-04T15:08:32Z,243713,27.81473126611629,-64.76153060217811,48376,68582,solar_tower_juelich_lower,50.914182129784685,6.3885188639489545,88.66609955,50.91339200725545,6.387831592294521,123.21398362883298,50.91339203683997,6.387824563513243,122.8815,-2.9584519722902772e-08,7.028781277895746e-06,0.3324836288329749
AN47,2023-09-05T15:43:22Z,244972,22.359494314343365,-72.29531383817415,49103,70932,solar_tower_juelich_lower,50.914182129784685,6.3885188639489545,88.66609955,50.91339201147078,6.387830226551361,123.11405075046126,50.91339203683997,6.387824563513243,122.8815,-2.53691894158692e-08,5.663038117553754e-06,0.2325507504612574
AN47,2023-09-06T09:39:04Z,245187,39.67269737523186,37.962262563532455,47137,41267,solar_tower_juelich_lower,50.914182129784685,6.3885188639489545,88.66609955,50.9133920147716,6.387828928031721,123.22289917745994,50.91339203683997,6.387824563513243,122.8815,-2.2068370242323e-08,4.364518477295576e-06,0.3413991774599338
AN47,2023-09-07T08:31:29Z,245819,31.608759239532425,56.03410235710176,47607,34623,solar_tower_juelich_lower,50.914182129784685,6.3885188639489545,88.66609955,50.91339200904071,6.38783117698528,123.0318811305421,50.91339203683997,6.387824563513243,122.8815,-2.7799266888450802e-08,6.613472036676171e-06,0.150381130542101
AN47,2023-09-08T12:05:17Z,247357,44.25852123528636,-11.519010711940387,47537,54554,solar_tower_juelich_lower,50.914182129784685,6.3885188639489545,88.66609955,50.91339201487183,6.387828585856022,123.45978422980848,50.91339203683997,6.387824563513243,122.8815,-2.1968148189444043e-08,4.022342778853272e-06,0.5782842298084745
AN47,2023-09-11T09:02:25Z,247767,34.269862847110936,46.80701860693254,48099,37820,solar_tower_juelich_lower,50.914182129784685,6.3885188639489545,88.66609955,50.913392015968064,6.387828643756891,123.11597809750118,50.91339203683997,6.387824563513243,122.8815,-2.0871908645858642e-08,4.080243647841542e-06,0.2344780975011815
AN47,2023-09-18T10:02:22Z,251330,37.72115349436503,27.694263928764457,48964,43760,solar_tower_juelich_lower,50.914182129784685,6.3885188639489545,88.66609955,50.913392010575805,6.387830691982005,122.98783201776058,50.91339203683997,6.387824563513243,122.8815,-2.6264167729550536e-08,6.128468761801287e-06,0.1063320177605788
AN47,2023-09-18T11:10:50Z,251493,40.83037617099844,5.903053716014566,48901,50055,solar_tower_juelich_lower,50.914182129784685,6.3885188639489545,88.66609955,50.91339201476119,6.387829088459561,123.09972746866252,50.91339203683997,6.387824563513243,122.8815,-2.2078779693401884e-08,4.524946318085199e-06,0.2182274686625192
AN47,2024-01-16T14:37:46Z,261503,8.725785073581935,-40.48767987739672,59459,64269,solar_tower_juelich_lower,50.914182129784685,6.3885188639489545,88.66609955,50.913392018910535,6.387828925987592,122.08234231936724,50.91339203683997,6.387824563513243,122.8815,-1.7929437490238342e-08,4.362474348873491e-06,-0.79915768063276
AN47,2024-01-19T13:12:32Z,262128,16.214216553342983,-21.3241290020063,57729,58225,solar_tower_juelich_lower,50.914182129784685,6.3885188639489545,88.66609955,50.91339202066777,6.387827917027993,122.41432127822122,50.91339203683997,6.387824563513243,122.8815,-1.6172201355857396e-08,3.3535147494490047e-06,-0.4671787217787795
AN47,2024-02-01T09:11:14Z,264089,13.799315802537564,38.40254362509941,57446,37725,solar_tower_juelich_lower,50.914182129784685,6.3885188639489545,88.66609955,50.91339202091521,6.387829467673433,121.06469035017405,50.91339203683997,6.387824563513243,122.8815,-1.59247619535563e-08,4.904160189944662e-06,-1.816809649825956
AN47,2024-03-07T09:32:39Z,266152,27.277440306648828,37.816543527487774,52080,39358,solar_tower_juelich_lower,50.914182129784685,6.3885188639489545,88.66609955,50.91339201993799,6.387827481529389,122.94186428670298,50.91339203683997,6.387824563513243,122.8815,-1.690198558890188e-08,2.918016146047364e-06,0.0603642867029776
AN47,2024-03-08T09:55:35Z,266968,29.730891847270343,31.85552691523148,51701,41558,solar_tower_juelich_lower,50.914182129784685,6.3885188639489545,88.66609955,50.91339201812209,6.387827924524792,123.08734934383833,50.91339203683997,6.387824563513243,122.8815,-1.871788413154718e-08,3.361011549074533e-06,0.2058493438383237
AN47,2024-04-29T10:09:29Z,272298,50.166399166145005,32.02590980983927,43656,44625,solar_tower_juelich_lower,50.914182129784685,6.3885188639489545,88.66609955,50.91339199932933,6.387836555889416,120.91118232029991,50.91339203683997,6.387824563513243,122.8815,-3.7510645256588766e-08,1.1992376172997863e-05,-1.970317679700088
AN47,2024-04-29T10:44:25Z,272528,52.54914500039892,19.02795930140605,43727,47811,solar_tower_juelich_lower,50.914182129784685,6.3885188639489545,88.66609955,50.913391995672576,6.387837654444533,121.00107627341444,50.91339203683997,6.387824563513243,122.8815,-4.116739660275925e-08,1.3090931290093977e-05,-1.880423726585562
AN47,2024-04-29T11:02:36Z,272618,53.315938913410434,11.842782244626804,43764,49439,solar_tower_juelich_lower,50.914182129784685,6.3885188639489545,88.66609955,50.913391995593614,6.387837663742672,121.02090412532648,50.91339203683997,6.387824563513243,122.8815,-4.1246359216984274e-08,1.3100229428353316e-05,-1.8605958746735207
AN47,2022-01-11T10:51:03Z,60008,16.495447308704463,12.407893862777325,55784,46957,solar_tower_juelich_upper,50.914182129784685,6.3885188639489545,88.66609955,50.9133920306576,6.387821421208514,129.80093339048932,50.91339203683997,6.387824563513243,130.09766666666667,-6.182368395002413e-09,-3.142304729308876e-06,-0.2967332761773491
AN47,2022-01-13T12:39:59Z,61019,16.634610051251926,-13.795414130122603,57022,55870,solar_tower_juelich_lower,50.914182129784685,6.3885188639489545,88.66609955,50.91339203966776,6.387820998085375,122.69560524847228,50.91339203683997,6.387824563513243,122.8815,2.8277824526412587e-09,-3.5654278685015584e-06,-0.1858947515277265
AN47,2022-01-13T14:33:52Z,61558,8.618864449877425,-39.65258176914229,58794,64038,solar_tower_juelich_lower,50.914182129784685,6.3885188639489545,88.66609955,50.91339203711377,6.38782233557985,122.39838070123544,50.91339203683997,6.387824563513243,122.8815,2.73800537797797e-10,-2.227933393328385e-06,-0.4831192987645636
AN47,2022-01-18T14:51:29Z,62328,7.816555466692245,-43.434294006536895,58824,65165,solar_tower_juelich_lower,50.914182129784685,6.3885188639489545,88.66609955,50.91339204091705,6.387821092969819,122.36472927782728,50.91339203683997,6.387824563513243,122.8815,4.0770800069367405e-09,-3.470543424199945e-06,-0.5167707221727227
AN47,2022-01-24T14:35:57Z,63224,10.801258985546133,-40.38226052812795,56545,63994,solar_tower_juelich_upper,50.914182129784685,6.3885188639489545,88.66609955,50.91339202887078,6.38782165829995,129.3635601039041,50.91339203683997,6.387824563513243,130.09766666666667,-7.96919152890041e-09,-2.9052132930473817e-06,-0.7341065627625767
AN47,2022-01-28T11:26:54Z,63744,20.84658505756659,5.198884324757989,55576,49689,solar_tower_juelich_lower,50.914182129784685,6.3885188639489545,88.66609955,50.91339203528408,6.3878216292740335,123.25809137569236,50.91339203683997,6.387824563513243,122.8815,-1.555896744775964e-09,-2.934239209828604e-06,0.3765913756923567
AN47,2022-02-11T09:59:04Z,64846,20.89093571977821,28.542233418660345,54583,41794,solar_tower_juelich_lower,50.914182129784685,6.3885188639489545,88.66609955,50.91339204082764,6.38782036258648,122.84078191623456,50.91339203683997,6.387824563513243,122.8815,3.987665309068689e-09,-4.200926763786583e-06,-0.0407180837654408
AN47,2022-02-11T11:06:17Z,65123,24.512934394310143,11.302705270012094,54092,47783,solar_tower_juelich_lower,50.914182129784685,6.3885188639489545,88.66609955,50.91339203940917,6.387820741699046,122.91095763245028,50.91339203683997,6.387824563513243,122.8815,2.569194634816085e-09,-3.821814197557671e-06,0.0294576324502742
AN47,2022-03-02T13:54:54Z,74041,25.784255466362485,-35.82428766134644,51096,61669,solar_tower_juelich_upper,50.914182129784685,6.3885188639489545,88.66609955,50.913392030434,6.387821138071918,129.55841635561023,50.91339203683997,6.387824563513243,130.09766666666667,-6.405976193946117e-09,-3.4254413252554627e-06,-0.5392503110564348
AN47,2022-03-03T09:57:40Z,74560,27.78283755684977,30.832402519054824,50368,41442,solar_tower_juelich_upper,50.914182129784685,6.3885188639489545,88.66609955,50.91339202540546,6.387824038539652,129.6480030858438,50.91339203683997,6.387824563513243,130.09766666666667,-1.1434515556629776e-08,-5.249735917089993e-07,-0.4496635808228575
AN47,2022-03-04T14:27:55Z,75821,23.099262981846607,-44.49456615361032,51242,64176,solar_tower_juelich_upper,50.914182129784685,6.3885188639489545,88.66609955,50.9133920322609,6.387820112844217,129.53724401855968,50.91339203683997,6.387824563513243,130.09766666666667,-4.579071344323893e-09,-4.450669026212495e-06,-0.5604226481069929
AN47,2022-03-05T10:41:57Z,76182,31.491985522556263,18.7425381852115,49837,45576,solar_tower_juelich_upper,50.914182129784685,6.3885188639489545,88.66609955,50.913392027443074,6.387822865211222,129.6157611902063,50.91339203683997,6.387824563513243,130.09766666666667,-9.396899258717896e-09,-1.698302021679865e-06,-0.481905476460355
AN47,2022-03-05T12:19:15Z,76595,32.710628724202344,-9.861225333342103,49894,54109,solar_tower_juelich_upper,50.914182129784685,6.3885188639489545,88.66609955,50.91339202929692,6.387821969038924,129.68289216795202,50.91339203683997,6.387824563513243,130.09766666666667,-7.543057733983005e-09,-2.594474318939888e-06,-0.4147744987146495
AN47,2022-03-05T13:51:23Z,76982,27.118466096231263,-35.560451219701186,50600,61488,solar_tower_juelich_upper,50.914182129784685,6.3885188639489545,88.66609955,50.913392031588586,6.387820572163038,129.5967298851953,50.91339203683997,6.387824563513243,130.09766666666667,-5.2513868809001e-09,-3.991350205012623e-06,-0.5009367814713812
AN47,2022-03-05T15:27:29Z,77392,16.099707894431663,-58.42334970545538,52195,68350,solar_tower_juelich_upper,50.914182129784685,6.3885188639489545,88.66609955,50.91339202654751,6.387822845523468,129.33261854714883,50.91339203683997,6.387824563513243,130.09766666666667,-1.0292467322869925e-08,-1.7179897753294426e-06,-0.7650481195178429
AN47,2022-03-08T11:31:01Z,77870,34.23084909594491,4.27913792959246,49331,50039,solar_tower_juelich_upper,50.914182129784685,6.3885188639489545,88.66609955,50.91339203110228,6.3878209489052455,129.6651443019714,50.91339203683997,6.387824563513243,130.09766666666667,-5.7376894346816715e-09,-3.614607997803887e-06,-0.4325223646952736
AN47,2022-03-08T14:25:04Z,78437,24.6985040931448,-44.78412176563469,50563,64094,solar_tower_juelich_upper,50.914182129784685,6.3885188639489545,88.66609955,50.9133920324861,6.387820007320847,129.5479541177068,50.91339203683997,6.387824563513243,130.09766666666667,-4.353871929652087e-09,-4.556192396698577e-06,-0.5497125489598602
AN47,2022-03-10T10:32:36Z,79185,32.94783163936425,21.58332026373041,49092,44826,solar_tower_juelich_upper,50.914182129784685,6.3885188639489545,88.66609955,50.91339202082443,6.387825903678341,129.33618409441732,50.91339203683997,6.387824563513243,130.09766666666667,-1.6015540893477013e-08,1.3401650980071622e-06,-0.7614825722493492
AN47,2022-03-10T12:59:13Z,79783,32.846149961844674,-22.28354446425806,49369,57545,solar_tower_juelich_upper,50.914182129784685,6.3885188639489545,88.66609955,50.91339202822102,6.387822030610075,129.37838608227796,50.91339203683997,6.387824563513243,130.09766666666667,-8.618954439043591e-09,-2.5329031680954017e-06,-0.7192805843887129
AN47,2022-03-10T15:21:16Z,80362,18.4053115189012,-58.42432247856199,51190,68109,solar_tower_juelich_upper,50.914182129784685,6.3885188639489545,88.66609955,50.91339202019286,6.3878259078420925,129.17039110881768,50.91339203683997,6.387824563513243,130.09766666666667,-1.6647113909584732e-08,1.3443288491288286e-06,-0.9272755578489864
AN47,2022-03-11T11:20:15Z,80965,35.23972501255423,7.400632379074419,48872,49165,solar_tower_juelich_upper,50.914182129784685,6.3885188639489545,88.66609955,50.91339203035648,6.387820865776066,129.36445953684895,50.91339203683997,6.387824563513243,130.09766666666667,-6.483496406417544e-09,-3.697737177787985e-06,-0.7332071298177141
AN47,2022-03-11T14:46:15Z,81717,23.18616969697237,-50.679707884395405,50387,65717,solar_tower_juelich_upper,50.914182129784685,6.3885188639489545,88.66609955,50.91339202326384,6.387824274426523,129.1607475889351,50.91339203683997,6.387824563513243,130.09766666666667,-1.3576133994774864e-08,-2.89086720783871e-07,-0.9369190777315736
AN47,2022-03-22T09:04:58Z,84114,29.92953141287057,46.6721421529661,49014,37012,solar_tower_juelich_lower,50.914182129784685,6.3885188639489545,88.66609955,50.91339202423153,6.387826647348694,122.45554941884706,50.91339203683997,6.387824563513243,122.8815,-1.2608445842943185e-08,2.083835450861216e-06,-0.4259505811529465
AN47,2022-03-22T09:30:51Z,84280,32.729415120315615,39.84264834326832,48800,39544,solar_tower_juelich_lower,50.914182129784685,6.3885188639489545,88.66609955,50.91339202406477,6.387826612504622,122.5242264710032,50.91339203683997,6.387824563513243,122.8815,-1.277520311759872e-08,2.048991378345022e-06,-0.3572735289967994
AN47,2022-03-22T15:35:10Z,85388,19.941773340437155,-65.016374880891,49284,69455,solar_tower_juelich_upper,50.914182129784685,6.3885188639489545,88.66609955,50.91339201497821,6.38782866549976,129.17675858414393,50.91339203683997,6.387824563513243,130.09766666666667,-2.186175862561868e-08,4.101986516680256e-06,-0.9209080825227433
AN47,2022-03-23T14:07:35Z,86455,31.456827192391422,-44.37713304097908,47954,63338,solar_tower_juelich_upper,50.914182129784685,6.3885188639489545,88.66609955,50.91339202881006,6.387821309675332,129.12991142596326,50.91339203683997,6.387824563513243,130.09766666666667,-8.029914511098468e-09,-3.2538379111102245e-06,-0.9677552407034112
AN47,2022-03-24T13:37:20Z,87473,34.86559308198779,-36.40102177682694,47517,61042,solar_tower_juelich_upper,50.914182129784685,6.3885188639489545,88.66609955,50.91339202780232,6.387822382504459,129.45262686046095,50.91339203683997,6.387824563513243,130.09766666666667,-9.037655956944946e-09,-2.1810087842411008e-06,-0.6450398062057161
AN47,2022-03-25T12:05:09Z,89120,40.74039715274281,-8.1677418240885,46820,53537,solar_tower_juelich_upper,50.914182129784685,6.3885188639489545,88.66609955,50.91339202878106,6.38782222189271,129.6656194533153,50.91339203683997,6.387824563513243,130.09766666666667,-8.058911760144838e-09,-2.341620533030664e-06,-0.4320472133513817
AN47,2022-04-12T08:54:32Z,93794,36.45579244118049,52.44568920285319,45391,36790,solar_tower_juelich_lower,50.914182129784685,6.3885188639489545,88.66609955,50.91339202177905,6.38782757111407,122.38889192485809,50.91339203683997,6.387824563513243,122.8815,-1.5060919622555957e-08,3.007600827054091e-06,-0.4926080751419164
AN47,2022-04-12T13:11:40Z,94557,43.44313965192437,-33.76865101971082,45726,59861,solar_tower_juelich_lower,50.914182129784685,6.3885188639489545,88.66609955,50.91339202882418,6.387824920585044,122.56808985586542,50.91339203683997,6.387824563513243,122.8815,-8.015796026938915e-09,3.570718005718732e-07,-0.3134101441345791
AN47,2022-04-14T09:22:13Z,95361,40.43716384509092,45.09605695678573,44993,39586,solar_tower_juelich_lower,50.914182129784685,6.3885188639489545,88.66609955,50.9133920219261,6.387827457383138,122.43799809141365,50.91339203683997,6.387824563513243,122.8815,-1.4913872803390404e-08,2.8938698948266506e-06,-0.4435019085863558
AN47,2022-04-27T12:54:52Z,99100,49.419269791947954,-31.80819199159773,43558,58860,solar_tower_juelich_lower,50.914182129784685,6.3885188639489545,88.66609955,50.91339202334792,6.387824693161044,124.04501801112283,50.91339203683997,6.387824563513243,122.8815,-1.3492048367425014e-08,1.2964780093938089e-07,1.1635180111228325
BA42,2022-04-28T15:49:14Z,100928,27.17428594611098,-78.96571252455871,47645,69053,solar_tower_juelich_upper,50.91495876913854,6.388213099974707,88.68695068,50.91339201492589,6.387829751576718,129.6382751393874,50.91339203683997,6.387824563513243,130.09766666666667,-2.191408299268005e-08,5.18806347482581e-06,-0.4593915272792799
BA42,2022-05-04T13:20:06Z,104379,48.912122264572574,-41.94893969626075,45827,57687,solar_tower_juelich_upper,50.91495876913854,6.388213099974707,88.68695068,50.913392024658414,6.387825552122064,130.19192808174128,50.91339203683997,6.387824563513243,130.09766666666667,-1.2181558872725873e-08,9.886088205846022e-07,0.0942614150746123
BA42,2022-05-04T16:03:03Z,105040,26.29678070579212,-83.26545445521457,48021,70199,solar_tower_juelich_lower,50.91495876913854,6.388213099974707,88.68695068,50.91339201837931,6.387828157940525,122.83948438723432,50.91339203683997,6.387824563513243,122.8815,-1.8460660555774663e-08,3.594427282038737e-06,-0.042015612765681
BA42,2022-05-04T16:56:31Z,105438,17.90834770980467,-93.7559934048086,49131,73685,solar_tower_juelich_lower,50.91495876913854,6.388213099974707,88.68695068,50.91339201437495,6.387829895974909,122.55345644130009,50.91339203683997,6.387824563513243,122.8815,-2.246502361913372e-08,5.33246166600776e-06,-0.3280435586999175
BA42,2022-05-05T10:24:04Z,106440,52.88993951398788,27.323362968195344,45982,41801,solar_tower_juelich_upper,50.91495876913854,6.388213099974707,88.68695068,50.91339201247319,6.387832804198959,130.28571201309032,50.91339203683997,6.387824563513243,130.09766666666667,-2.4366784145968268e-08,8.240685716032203e-06,0.1880453464236495
BA42,2022-05-06T11:58:26Z,107672,55.274484578447925,-11.54324511162934,45597,50629,solar_tower_juelich_upper,50.91495876913854,6.388213099974707,88.68695068,50.91339201710449,6.387830504936263,130.43266631762927,50.91339203683997,6.387824563513243,130.09766666666667,-1.9735480805138653e-08,5.9414230193510775e-06,0.334999650962601
BA42,2022-05-08T13:32:04Z,108567,48.55674591110039,-46.68191019387398,45388,58670,solar_tower_juelich_upper,50.91495876913854,6.388213099974707,88.68695068,50.91339201957474,6.387828747491893,130.30735475870782,50.91339203683997,6.387824563513243,130.09766666666667,-1.7265236351704516e-08,4.183978649763276e-06,0.2096880920411479
BA42,2022-05-19T09:54:04Z,112517,53.524371292045366,40.46862068564217,45606,38980,solar_tower_juelich_lower,50.91495876913854,6.388213099974707,88.68695068,50.91339200186953,6.387833242815781,123.44420618500692,50.91339203683997,6.387824563513243,122.8815,-3.4970440765391686e-08,8.679302538006084e-06,0.5627061850069168
BA42,2022-05-19T10:59:01Z,112784,58.27977252764269,14.381507348042684,45327,45246,solar_tower_juelich_lower,50.91495876913854,6.388213099974707,88.68695068,50.91339200719592,6.387831089236395,123.65671582381934,50.91339203683997,6.387824563513243,122.8815,-2.9644056098732108e-08,6.525723152073226e-06,0.7752158238193374
BA42,2022-05-19T12:04:43Z,113018,58.21499549608532,-15.1982335391574,45179,51273,solar_tower_juelich_lower,50.91495876913854,6.388213099974707,88.68695068,50.91339200715273,6.387831003800239,123.74007300119302,50.91339203683997,6.387824563513243,122.8815,-2.968724288621161e-08,6.440286995257338e-06,0.8585730011930224
BA42,2022-05-25T12:16:08Z,113880,58.83482806636724,-20.47089320131238,43891,52137,solar_tower_juelich_upper,50.91495876913854,6.388213099974707,88.68695068,50.91339201499763,6.387832056757852,130.54703511045724,50.91339203683997,6.387824563513243,130.09766666666667,-2.1842339492650357e-08,7.49324460880274e-06,0.4493684437905756
BA42,2022-06-01T07:54:43Z,115035,39.20004131099826,76.4277133849795,44482,26917,solar_tower_juelich_upper,50.91495876913854,6.388213099974707,88.68695068,50.91339200812354,6.387832330667607,129.1992770483571,50.91339203683997,6.387824563513243,130.09766666666667,-2.8716428346342585e-08,7.767154363236273e-06,-0.8983896183095794
BA42,2022-06-02T09:39:53Z,115865,53.91916190144941,47.84950717731847,43862,37560,solar_tower_juelich_upper,50.91495876913854,6.388213099974707,88.68695068,50.913392014412366,6.387830772566032,129.93785795319275,50.91339203683997,6.387824563513243,130.09766666666667,-2.242760643866859e-08,6.209052788364033e-06,-0.1598087134739216
BA42,2022-06-02T14:00:06Z,117042,49.50982299412116,-58.84644279448656,43267,60666,solar_tower_juelich_upper,50.91495876913854,6.388213099974707,88.68695068,50.91339202090213,6.387828318000717,130.44902527047157,50.91339203683997,6.387824563513243,130.09766666666667,-1.5937843045321642e-08,3.754487473806023e-06,0.351358603804897
BA42,2022-06-02T16:53:30Z,118156,23.160567239718823,-97.30877694681077,43415,72921,solar_tower_juelich_upper,50.91495876913854,6.388213099974707,88.68695068,50.91339201146784,6.387831518087863,129.58889985114985,50.91339203683997,6.387824563513243,130.09766666666667,-2.5372131062795237e-08,6.954574619300047e-06,-0.5087668155168217
BA42,2022-06-14T10:57:55Z,120549,61.45847040403746,17.919528685850484,43202,44792,solar_tower_juelich_upper,50.91495876913854,6.388213099974707,88.68695068,50.913392006244464,6.387834756883684,129.7295490791484,50.91339203683997,6.387824563513243,130.09766666666667,-3.059550834905167e-08,1.0193370440170211e-05,-0.3681175875182703
BA42,2022-06-14T12:01:05Z,120915,61.90174265735181,-12.907296401218415,43041,50512,solar_tower_juelich_upper,50.91495876913854,6.388213099974707,88.68695068,50.91339200844766,6.387834040816148,129.90966515777797,50.91339203683997,6.387824563513243,130.09766666666667,-2.839231427742561e-08,9.477302904237206e-06,-0.1880015088887034
BA42,2022-06-18T11:52:25Z,125008,62.31091546928566,-8.316345960506753,43010,49670,solar_tower_juelich_upper,50.91495876913854,6.388213099974707,88.68695068,50.913392009897,6.387833021893391,129.8335043760181,50.91339203683997,6.387824563513243,130.09766666666667,-2.6942970521304236e-08,8.458380147402522e-06,-0.2641622906485565
BA42,2022-06-22T10:56:05Z,126947,61.4358536451097,19.65334546064561,43142,44470,solar_tower_juelich_upper,50.91495876913854,6.388213099974707,88.68695068,50.91339200539651,6.387834900415491,129.61552023668904,50.91339203683997,6.387824563513243,130.09766666666667,-3.1443462944480416e-08,1.0336902247942705e-05,-0.4821464299776323
BA42,2022-06-22T15:00:41Z,128007,42.2688280989272,-74.56042039924797,43687,65118,solar_tower_juelich_lower,50.91495876913854,6.388213099974707,88.68695068,50.913392009752215,6.387831127409952,122.8616497933338,50.91339203683997,6.387824563513243,122.8815,-2.7087757814570068e-08,6.563896708833283e-06,-0.0198502066662058
BA42,2022-06-22T16:05:56Z,128217,32.12626742751996,-88.40903046384307,43817,69733,solar_tower_juelich_lower,50.91495876913854,6.388213099974707,88.68695068,50.913392005460224,6.387832931681649,122.5734021002136,50.91339203683997,6.387824563513243,122.8815,-3.1379748577364814e-08,8.36816840532606e-06,-0.3080978997864037
BA42,2022-06-22T16:56:16Z,128380,24.225599881545826,-97.95411875053904,44031,73010,solar_tower_juelich_lower,50.91495876913854,6.388213099974707,88.68695068,50.9133920031588,6.387833889313486,122.41052598729104,50.91339203683997,6.387824563513243,122.8815,-3.36811751822097e-08,9.325800242265814e-06,-0.4709740127089645
BA42,2022-06-22T17:25:32Z,128487,19.70558991779456,-103.2898627399511,44201,74797,solar_tower_juelich_lower,50.91495876913854,6.388213099974707,88.68695068,50.91339200400001,6.387833497737703,122.51141998436331,50.91339203683997,6.387824563513243,122.8815,-3.2839963637343323e-08,8.934224459800078e-06,-0.3700800156366881
BA42,2022-06-23T09:30:17Z,129306,53.26702884040706,53.48346278283113,43419,36237,solar_tower_juelich_upper,50.91495876913854,6.388213099974707,88.68695068,50.91339200605277,6.387833397239933,129.18935635766854,50.91339203683997,6.387824563513243,130.09766666666667,-3.0787205673732394e-08,8.833726689694288e-06,-0.908310308998125
BA42,2022-06-28T13:48:40Z,130603,52.55897781217647,-54.749660232388656,43724,59471,solar_tower_juelich_lower,50.91495876913854,6.388213099974707,88.68695068,50.913392007561605,6.387831678139898,123.0464509016742,50.91339203683997,6.387824563513243,122.8815,-2.927836817434581e-08,7.114626654924905e-06,0.164950901674203
BA42,2022-06-30T11:48:24Z,131690,62.17645963092704,-5.044848163084453,43933,49169,solar_tower_juelich_lower,50.91495876913854,6.388213099974707,88.68695068,50.91339200622742,6.387832141383614,123.0501794813567,50.91339203683997,6.387824563513243,122.8815,-3.0612554269282555e-08,7.577870370312212e-06,0.1686794813566905
BA42,2022-07-03T09:23:20Z,135502,51.71316797651264,55.85677661950375,44532,35293,solar_tower_juelich_lower,50.91495876913854,6.388213099974707,88.68695068,50.91339200753418,6.38783228134373,122.51745799353584,50.91339203683997,6.387824563513243,122.8815,-2.9305795123946158e-08,7.717830486697608e-06,-0.3640420064641603
BA42,2022-07-05T08:17:59Z,137853,42.23730684960636,73.25387989301427,45001,28585,solar_tower_juelich_lower,50.91495876913854,6.388213099974707,88.68695068,50.91339200569885,6.387833126632479,122.31285823483702,50.91339203683997,6.387824563513243,122.8815,-3.1141119904987136e-08,8.563119235915906e-06,-0.5686417651629796
BA42,2022-07-12T09:49:17Z,139778,53.89011558842059,47.026776454453,44804,37696,solar_tower_juelich_lower,50.91495876913854,6.388213099974707,88.68695068,50.91339200622861,6.387832451110206,122.77200091189007,50.91339203683997,6.387824563513243,122.8815,-3.0611360557486484e-08,7.887596962241616e-06,-0.1094990881099278
BA42,2022-07-15T07:09:49Z,141216,30.52712489133378,87.11893278417809,46309,21118,solar_tower_juelich_lower,50.91495876913854,6.388213099974707,88.68695068,50.913392010886696,6.387831634131072,122.07206343128532,50.91339203683997,6.387824563513243,122.8815,-2.5953276860946065e-08,7.070617828119907e-06,-0.8094365687146876
BA42,2022-07-17T12:26:41Z,142353,58.90262825523335,-21.107791491608555,44634,52374,solar_tower_juelich_lower,50.91495876913854,6.388213099974707,88.68695068,50.91339201867816,6.38782755934683,123.21494272410274,50.91339203683997,6.387824563513243,122.8815,-1.816181338654133e-08,2.9958335865387653e-06,0.3334427241027384
BA42,2022-07-17T15:39:42Z,143344,35.18320516612253,-80.32091174493691,44945,67759,solar_tower_juelich_lower,50.91495876913854,6.388213099974707,88.68695068,50.91339200792953,6.3878319142888405,122.72576119883676,50.91339203683997,6.387824563513243,122.8815,-2.891044204034188e-08,7.35077559710362e-06,-0.1557388011632383
BA42,2022-08-02T07:45:32Z,149501,33.21436462302997,76.81847217461551,47768,24666,solar_tower_juelich_lower,50.91495876913854,6.388213099974707,88.68695068,50.91339201277368,6.387830662248044,122.36749225828908,50.91339203683997,6.387824563513243,122.8815,-2.406629562301532e-08,6.098734800730199e-06,-0.5140077417109268
BA42,2022-08-07T09:17:35Z,151359,45.264497240285706,52.639561250885365,47290,34310,solar_tower_juelich_lower,50.91495876913854,6.388213099974707,88.68695068,50.91339201128926,6.387830660940009,122.8044628590532,50.91339203683997,6.387824563513243,122.8815,-2.5550711768573823e-08,6.097426765272473e-06,-0.0770371409467998
BA42,2022-08-07T16:25:30Z,152158,24.338413649729222,-86.10985462889599,46894,70917,solar_tower_juelich_upper,50.91495876913854,6.388213099974707,88.68695068,50.91339200823014,6.387832301520281,129.210089226381,50.91339203683997,6.387824563513243,130.09766666666667,-2.860983272512385e-08,7.738007037794148e-06,-0.8875774402856678
BA42,2022-08-16T10:12:14Z,158146,48.857481746090585,32.98320840657067,47103,39901,solar_tower_juelich_upper,50.91495876913854,6.388213099974707,88.68695068,50.913392012174185,6.38783123923358,129.63128785327555,50.91339203683997,6.387824563513243,130.09766666666667,-2.4665787634603475e-08,6.6757203365241935e-06,-0.4663788133911168
BA42,2022-08-19T10:25:20Z,159011,49.03886227247301,27.67789255576564,47396,41238,solar_tower_juelich_upper,50.91495876913854,6.388213099974707,88.68695068,50.9133920136185,6.387830816033995,129.77947486564346,50.91339203683997,6.387824563513243,130.09766666666667,-2.322147452105128e-08,6.252520751814927e-06,-0.3181918010232039
BA42,2022-08-19T11:24:58Z,159165,51.695270678963176,5.170426900292002,47155,46932,solar_tower_juelich_upper,50.91495876913854,6.388213099974707,88.68695068,50.91339201329979,6.387831297835072,129.89944653514345,50.91339203683997,6.387824563513243,130.09766666666667,-2.3540181359749116e-08,6.734321828183454e-06,-0.1982201315232146
BA42,2022-08-19T11:57:31Z,159337,51.57742529565328,-7.633621838744192,47095,49926,solar_tower_juelich_upper,50.91495876913854,6.388213099974707,88.68695068,50.91339201264682,6.387831934195376,130.00263769394053,50.91339203683997,6.387824563513243,130.09766666666667,-2.419314881763057e-08,7.3706821330787875e-06,-0.0950289727261406
BA42,2022-08-23T12:13:55Z,160122,49.73328720545496,-14.03948940660831,47589,51496,solar_tower_juelich_upper,50.91495876913854,6.388213099974707,88.68695068,50.913392015473946,6.387829418526636,129.62414980931476,50.91339203683997,6.387824563513243,130.09766666666667,-2.136602716973357e-08,4.855013392202068e-06,-0.4735168573519104
BA42,2022-08-29T11:22:25Z,161408,48.28108929725779,4.820031364908859,48437,46939,solar_tower_juelich_upper,50.91495876913854,6.388213099974707,88.68695068,50.9133920143798,6.387830788422048,129.93690389846194,50.91339203683997,6.387824563513243,130.09766666666667,-2.246017061224848e-08,6.224908804419727e-06,-0.1607627682047336
BA42,2022-09-02T07:30:49Z,162805,24.28114483231946,71.5838852248684,52667,23722,solar_tower_juelich_lower,50.91495876913854,6.388213099974707,88.68695068,50.91339203401989,6.387822873632035,122.74380729789362,50.91339203683997,6.387824563513243,122.8815,-2.820080169385619e-09,-1.689881208299937e-06,-0.1376927021063778
BA42,2022-09-04T08:01:11Z,163956,28.204725361204662,64.16576924572182,51331,27032,solar_tower_juelich_upper,50.91495876913854,6.388213099974707,88.68695068,50.913392014553175,6.387828900523041,129.18182616177518,50.91339203683997,6.387824563513243,130.09766666666667,-2.228679818472301e-08,4.337009797517055e-06,-0.9158405048914916
BA42,2022-09-08T10:05:47Z,165915,41.271852552362645,29.15999150068137,50191,39898,solar_tower_juelich_upper,50.91495876913854,6.388213099974707,88.68695068,50.91339201767957,6.387828316888385,129.66987644289722,50.91339203683997,6.387824563513243,130.09766666666667,-1.9160403041951213e-08,3.753375141357651e-06,-0.4277902237694491
BA42,2022-09-29T10:01:32Z,167030,33.744743421328344,25.2732983165,53176,40317,solar_tower_juelich_upper,50.91495876913854,6.388213099974707,88.68695068,50.91339201708559,6.387828807526756,129.74125289267542,50.91339203683997,6.387824563513243,130.09766666666667,-1.9754381241909872e-08,4.244013512177958e-06,-0.3564137739912496
BA42,2022-09-30T09:58:29Z,167726,33.187283320657684,25.92842712945693,53344,40068,solar_tower_juelich_upper,50.91495876913854,6.388213099974707,88.68695068,50.91339201913217,6.3878275483567455,129.6826237512107,50.91339203683997,6.387824563513243,130.09766666666667,-1.7707805000100052e-08,2.984843502140677e-06,-0.415042915455956
BA42,2022-11-10T13:03:34Z,177412,18.109741428253585,-26.43498238042951,59215,56606,solar_tower_juelich_lower,50.91495876913854,6.388213099974707,88.68695068,50.91339202334061,6.387825979574344,123.16824344854506,50.91339203683997,6.387824563513243,122.8815,-1.3499359852175985e-08,1.4160611003788404e-06,0.286743448545053
BA42,2023-03-02T09:26:44Z,191596,24.533021078172577,38.67598539776958,56490,34747,solar_tower_juelich_lower,50.91495876913854,6.388213099974707,88.68695068,50.91339199734051,6.387835505759439,122.79505798828475,50.91339203683997,6.387824563513243,122.8815,-3.9499461479408644e-08,1.0942246195355663e-05,-0.0864420117152491
BA42,2023-03-02T09:45:05Z,191714,26.25073447748231,34.00739439349247,56158,36555,solar_tower_juelich_lower,50.91495876913854,6.388213099974707,88.68695068,50.91339200155286,6.387833928512791,122.9082250125557,50.91339203683997,6.387824563513243,122.8815,-3.5287115451865254e-08,9.364999547400998e-06,0.0267250125557012
BA42,2023-03-24T14:53:04Z,193316,26.201473891951025,-55.97302955589049,52664,63931,solar_tower_juelich_upper,50.91495876913854,6.388213099974707,88.68695068,50.91339200001864,6.387838278604,129.75794920018427,50.91339203683997,6.387824563513243,130.09766666666667,-3.682133353777317e-08,1.3715090756427628e-05,-0.3397174664823978
BA42,2023-03-27T08:51:50Z,193364,30.19082035218225,50.6684680743425,52396,31516,solar_tower_juelich_upper,50.91495876913854,6.388213099974707,88.68695068,50.913392028839176,6.387821666777571,129.35849589219436,50.91339203683997,6.387824563513243,130.09766666666667,-8.000796469787021e-09,-2.896735672663908e-06,-0.7391707744723135
BA42,2023-03-27T10:01:00Z,193404,37.38698227372972,31.722118528662577,51389,38462,solar_tower_juelich_upper,50.91495876913854,6.388213099974707,88.68695068,50.913392017763606,6.387829293446533,130.10469577823224,50.91339203683997,6.387824563513243,130.09766666666667,-1.9076367152592866e-08,4.7299332894823465e-06,0.007029111565572
BA42,2023-05-25T07:14:57Z,208422,32.32406237286408,83.78387149797021,46254,22412,solar_tower_juelich_lower,50.91495876913854,6.388213099974707,88.68695068,50.91339198872127,6.38783808057413,123.2756747904671,50.91339203683997,6.387824563513243,122.8815,-4.81187072409739e-08,1.3517060886591992e-05,0.3941747904670905
BA42,2023-05-25T07:32:56Z,208465,35.128879970345544,80.02949180125617,46066,24347,solar_tower_juelich_lower,50.91495876913854,6.388213099974707,88.68695068,50.91339199303351,6.38783659783206,123.22936970031174,50.91339203683997,6.387824563513243,122.8815,-4.3806466010209994e-08,1.2034318817022438e-05,0.3478697003117332
BA42,2023-05-25T07:54:27Z,208561,38.44068855326663,75.31462794907527,45850,26633,solar_tower_juelich_lower,50.91495876913854,6.388213099974707,88.68695068,50.91339199411468,6.387836110300212,123.33921139867104,50.91339203683997,6.387824563513243,122.8815,-4.272529707805006e-08,1.1546786968352762e-05,0.4577113986710373
BA42,2023-05-26T10:39:05Z,208993,58.49650892541635,23.861725735921212,44778,43134,solar_tower_juelich_lower,50.91495876913854,6.388213099974707,88.68695068,50.91339198674781,6.387838025010328,124.133685825306,50.91339203683997,6.387824563513243,122.8815,-5.009216152984664e-08,1.3461497084144014e-05,1.2521858253060003
BA42,2023-05-26T11:01:50Z,209055,59.65701135700159,13.781002076628807,44741,45315,solar_tower_juelich_lower,50.91495876913854,6.388213099974707,88.68695068,50.91339199554111,6.38783517053819,123.76899263234584,50.91339203683997,6.387824563513243,122.8815,-4.129886832515695e-08,1.060702494637411e-05,0.8874926323458396
BA42,2023-05-26T11:29:15Z,209117,60.219133124007385,1.0527413289466865,44691,47856,solar_tower_juelich_lower,50.91495876913854,6.388213099974707,88.68695068,50.91339199512365,6.387835399005427,123.69295589595968,50.91339203683997,6.387824563513243,122.8815,-4.171631928784336e-08,1.0835492183502993e-05,0.811455895959682
BA42,2023-05-26T11:59:31Z,209161,59.72363186175167,-13.03685714117078,44653,50593,solar_tower_juelich_lower,50.91495876913854,6.388213099974707,88.68695068,50.91339199807239,6.387834549922044,123.48936530723556,50.91339203683997,6.387824563513243,122.8815,-3.8767588250721026e-08,9.986408800344291e-06,0.6078653072355564
BA42,2023-05-26T12:48:36Z,209222,56.6261134780346,-34.02510021599379,44624,54876,solar_tower_juelich_lower,50.91495876913854,6.388213099974707,88.68695068,50.91339199371447,6.387836312202844,123.2767061347235,50.91339203683997,6.387824563513243,122.8815,-4.312550316853958e-08,1.174868960074349e-05,0.3952061347234945
BA42,2023-05-26T13:09:43Z,209277,54.5795754817889,-41.95601919822132,44629,56664,solar_tower_juelich_lower,50.91495876913854,6.388213099974707,88.68695068,50.91339199785037,6.387834983369803,123.14340972713306,50.91339203683997,6.387824563513243,122.8815,-3.8989604433936627e-08,1.0419856559806815e-05,0.2619097271330588
BA42,2023-05-27T08:19:43Z,209529,42.471886532378775,69.73893910791637,45512,29307,solar_tower_juelich_lower,50.91495876913854,6.388213099974707,88.68695068,50.913392006854345,6.387831865786501,123.09918488170908,50.91339203683997,6.387824563513243,122.8815,-2.99856282026667e-08,7.302273258069647e-06,0.2176848817090757
BA42,2023-05-27T08:43:01Z,209607,45.844925833790136,63.81600519876774,45340,31708,solar_tower_juelich_lower,50.91495876913854,6.388213099974707,88.68695068,50.9133920036967,6.387832886584385,123.1794074182622,50.91339203683997,6.387824563513243,122.8815,-3.314327301495723e-08,8.323071141624894e-06,0.2979074182621986
BA42,2023-05-27T09:03:34Z,209701,48.67732925153967,58.12965705584285,45210,33806,solar_tower_juelich_lower,50.91495876913854,6.388213099974707,88.68695068,50.91339200708549,6.387831674284144,123.1949823294675,50.91339203683997,6.387824563513243,122.8815,-2.9754488650723946e-08,7.110770900986552e-06,0.3134823294675044
BA42,2023-05-27T09:22:52Z,209789,51.17678838025171,52.32453728385179,45100,35748,solar_tower_juelich_lower,50.91495876913854,6.388213099974707,88.68695068,50.91339200589882,6.387832033125664,123.24728093932129,50.91339203683997,6.387824563513243,122.8815,-3.094115186286217e-08,7.469612420152316e-06,0.3657809393212829
BA42,2023-05-27T09:40:57Z,209882,53.34105541889772,46.42005329388155,45011,37552,solar_tower_juelich_lower,50.91495876913854,6.388213099974707,88.68695068,50.91339200988939,6.387830564620349,123.29518408628164,50.91339203683997,6.387824563513243,122.8815,-2.6950580434004223e-08,6.001107105468861e-06,0.4136840862816342
BA42,2023-05-27T10:03:21Z,209969,55.72648741020559,38.41046637034849,44911,39755,solar_tower_juelich_lower,50.91495876913854,6.388213099974707,88.68695068,50.913392009777645,6.387830604469724,123.29496827377444,50.91339203683997,6.387824563513243,122.8815,-2.706232749005721e-08,6.040956480823922e-06,0.4134682737744413
BA42,2023-05-27T12:14:59Z,210486,59.20370790728294,-20.014719052490527,44589,51965,solar_tower_juelich_lower,50.91495876913854,6.388213099974707,88.68695068,50.91339200080742,6.387833918364331,123.16662376725291,50.91339203683997,6.387824563513243,122.8815,-3.6032552941378526e-08,9.354851087550742e-06,0.2851237672529123
BA42,2023-05-27T13:32:08Z,210704,52.20851330484814,-49.72188736514194,44587,58508,solar_tower_juelich_lower,50.91495876913854,6.388213099974707,88.68695068,50.913391998870544,6.387834901592609,122.8693129989148,50.91339203683997,6.387824563513243,122.8815,-3.796942849021434e-08,1.0338079365901365e-05,-0.0121870010852092
BA42,2023-05-27T13:52:21Z,210811,49.67103986679781,-56.01681642858336,44612,60141,solar_tower_juelich_lower,50.91495876913854,6.388213099974707,88.68695068,50.91339199923956,6.387834877486182,122.765139165563,50.91339203683997,6.387824563513243,122.8815,-3.760041522582469e-08,1.0313972938824634e-05,-0.1163608344370032
BA42,2023-05-27T14:18:45Z,210915,46.081484345111605,-63.46197005272287,44659,62218,solar_tower_juelich_lower,50.91495876913854,6.388213099974707,88.68695068,50.91339201409786,6.387829887275036,122.63979750392176,50.91339203683997,6.387824563513243,122.8815,-2.2742113969798083e-08,5.323761792297432e-06,-0.241702496078247
BA42,2023-05-27T14:43:45Z,211037,42.4688407095536,-69.83905821794725,44723,64127,solar_tower_juelich_lower,50.91495876913854,6.388213099974707,88.68695068,50.91339201190311,6.3878307706248325,122.53023837599518,50.91339203683997,6.387824563513243,122.8815,-2.493686679372331e-08,6.2071115891626505e-06,-0.3512616240048203
BA42,2023-05-27T15:07:58Z,211132,38.8305196185238,-75.51706418412685,44790,65918,solar_tower_juelich_lower,50.91495876913854,6.388213099974707,88.68695068,50.91339200834289,6.387831978375049,122.54095554080374,50.91339203683997,6.387824563513243,122.8815,-2.8497083803813442e-08,7.414861805443706e-06,-0.3405444591962663
BA42,2023-05-27T15:30:35Z,211192,35.349347953516286,-80.46914577525168,44889,67545,solar_tower_juelich_lower,50.91495876913854,6.388213099974707,88.68695068,50.91339200643987,6.38783272416961,122.45421074794169,50.91339203683997,6.387824563513243,122.8815,-3.0400101991290285e-08,8.160656366662522e-06,-0.4272892520583156
BA42,2023-05-27T15:52:43Z,211253,31.89459878043003,-85.0589322516489,45004,69091,solar_tower_juelich_lower,50.91495876913854,6.388213099974707,88.68695068,50.91339200537952,6.387833120358219,122.42195371793252,50.91339203683997,6.387824563513243,122.8815,-3.14604591267198e-08,8.556844975693423e-06,-0.4595462820674783
BA42,2023-05-27T16:12:58Z,211308,28.71307993024509,-89.08599261453139,45141,70458,solar_tower_juelich_lower,50.91495876913854,6.388213099974707,88.68695068,50.913392005733314,6.387833071499108,122.35410605533986,50.91339203683997,6.387824563513243,122.8815,-3.110665858230277e-08,8.50798586427004e-06,-0.5273939446601474
BA42,2023-05-27T16:41:31Z,211345,24.22621751902324,-94.55962112294053,45394,72325,solar_tower_juelich_lower,50.91495876913854,6.388213099974707,88.68695068,50.913392005039135,6.3878333925877,122.27241097152648,50.91339203683997,6.387824563513243,122.8815,-3.180083751885832e-08,8.829074456428998e-06,-0.6090890284735195
BA42,2023-05-27T17:04:31Z,211388,20.63580865315888,-98.85124533442,45646,73766,solar_tower_juelich_lower,50.91495876913854,6.388213099974707,88.68695068,50.91339200335754,6.387833910033228,122.32394319802444,50.91339203683997,6.387824563513243,122.8815,-3.34824363790176e-08,9.346519984632096e-06,-0.557556801975565
BA42,2023-05-27T17:19:35Z,211427,18.306356794134608,-101.62734782851804,45852,74680,solar_tower_juelich_lower,50.91495876913854,6.388213099974707,88.68695068,50.91339200465755,6.387833450973254,122.34091193917364,50.91339203683997,6.387824563513243,122.8815,-3.218242028424356e-08,8.887460010598147e-06,-0.5405880608263658
BA42,2023-06-12T08:29:35Z,217021,44.971970423687104,69.61343880709036,43695,30277,solar_tower_juelich_upper,50.91495876913854,6.388213099974707,88.68695068,50.9133920222803,6.387825360336425,129.45499156048103,50.91339203683997,6.387824563513243,130.09766666666667,-1.4559674355041352e-08,7.968231816590787e-07,-0.6426751061856351
BA42,2023-06-12T08:50:41Z,217174,48.02899598225727,64.14396129302538,43603,32406,solar_tower_juelich_upper,50.91495876913854,6.388213099974707,88.68695068,50.913392019107945,6.387827379745106,129.59961102091546,50.91339203683997,6.387824563513243,130.09766666666667,-1.7732027401962114e-08,2.816231862823315e-06,-0.498055645751208
BA42,2023-06-12T09:05:05Z,217265,50.03481220902647,60.12936162497576,43541,33849,solar_tower_juelich_upper,50.91495876913854,6.388213099974707,88.68695068,50.91339202097848,6.3878266013377365,129.71394600512326,50.91339203683997,6.387824563513243,130.09766666666667,-1.5861495228364223e-08,2.0378244931507083e-06,-0.383720661543407
BA42,2023-06-12T09:18:52Z,217333,51.87835315192599,56.04003112566344,43490,35213,solar_tower_juelich_upper,50.91495876913854,6.388213099974707,88.68695068,50.9133920221991,6.387826151216377,129.8198917447268,50.91339203683997,6.387824563513243,130.09766666666667,-1.4640875178884016e-08,1.5877031334099456e-06,-0.2777749219398799
BA42,2023-06-12T09:32:06Z,217417,53.56438599735782,51.86105854825277,43442,36518,solar_tower_juelich_upper,50.91495876913854,6.388213099974707,88.68695068,50.91339202205261,6.387826242356716,129.8245080174778,50.91339203683997,6.387824563513243,130.09766666666667,-1.478736066928832e-08,1.6788434722414536e-06,-0.273158649188872
BA42,2023-06-12T09:46:31Z,217520,55.29028572650381,46.998760391741,43391,37928,solar_tower_juelich_upper,50.91495876913854,6.388213099974707,88.68695068,50.91339202156352,6.387824839349844,128.9867755998662,50.91339203683997,6.387824563513243,130.09766666666667,-1.5276455656021426e-08,2.758366006716529e-07,-1.1108910668004626
BA42,2023-06-12T10:09:46Z,217706,57.7767956002624,38.41438403469981,43308,40177,solar_tower_juelich_upper,50.91495876913854,6.388213099974707,88.68695068,50.91339202134117,6.387827176193053,130.0691373623674,50.91339203683997,6.387824563513243,130.09766666666667,-1.5498798688895477e-08,2.6126798093883963e-06,-0.0285293042992691
BA42,2023-06-12T10:35:01Z,217846,59.95889449306514,28.00128260137261,43240,42568,solar_tower_juelich_upper,50.91495876913854,6.388213099974707,88.68695068,50.91339200549669,6.387836468891156,130.16632057076234,50.91339203683997,6.387824563513243,130.09766666666667,-3.13432835241656e-08,1.1905377912846404e-05,0.0686539040956688
BA42,2023-06-12T10:52:36Z,217967,61.08974301442992,20.112899219685527,43192,44216,solar_tower_juelich_upper,50.91495876913854,6.388213099974707,88.68695068,50.91339200434181,6.387837412622194,130.2552463651664,50.91339203683997,6.387824563513243,130.09766666666667,-3.2498164159733285e-08,1.2849108951051846e-05,0.1575796984997453
BA42,2023-06-12T11:06:25Z,218059,61.72206843246078,13.609629397988511,43157,45495,solar_tower_juelich_upper,50.91495876913854,6.388213099974707,88.68695068,50.91339200730415,6.387835720846398,130.26120728929277,50.91339203683997,6.387824563513243,130.09766666666667,-2.9535826229221133e-08,1.1157333154265814e-05,0.1635406226261011
BA42,2023-06-12T11:18:43Z,218143,62.08032219549313,7.655444042888361,43127,46623,solar_tower_juelich_upper,50.91495876913854,6.388213099974707,88.68695068,50.91339200676397,6.387836080105407,130.2765433226232,50.91339203683997,6.387824563513243,130.09766666666667,-3.007600213322803e-08,1.1516592163474115e-05,0.1788766559565431
BA42,2023-06-12T11:30:42Z,218230,62.23598886267695,1.7673494719085556,43100,47710,solar_tower_juelich_upper,50.91495876913854,6.388213099974707,88.68695068,50.91339200868924,6.38783494147386,130.26809366585064,50.91339203683997,6.387824563513243,130.09766666666667,-2.8150736852694536e-08,1.0377960616203552e-05,0.1704269991839737
BA42,2023-06-12T11:49:11Z,218381,62.09531272212203,-7.330470870284578,43058,49369,solar_tower_juelich_upper,50.91495876913854,6.388213099974707,88.68695068,50.91339200898029,6.387834821022411,130.28414985550413,50.91339203683997,6.387824563513243,130.09766666666667,-2.7859684337272483e-08,1.0257509167388434e-05,0.1864831888374567
BA42,2023-06-12T12:47:54Z,218623,58.79827541945152,-34.06371470634025,42940,54463,solar_tower_juelich_upper,50.91495876913854,6.388213099974707,88.68695068,50.91339202208108,6.387827097748133,130.221438802654,50.91339203683997,6.387824563513243,130.09766666666667,-1.4758896327293769e-08,2.534234889495224e-06,0.1237721359873376
BA42,2023-06-12T13:55:54Z,219068,51.06911349060932,-57.9229754280283,42834,60013,solar_tower_juelich_upper,50.91495876913854,6.388213099974707,88.68695068,50.91339202013598,6.387827952495892,130.10894607052725,50.91339203683997,6.387824563513243,130.09766666666667,-1.6703992855582328e-08,3.388982648289129e-06,0.0112794038605841
BA42,2023-06-12T14:14:17Z,219202,48.54813117684786,-63.176619675377125,42814,61446,solar_tower_juelich_upper,50.91495876913854,6.388213099974707,88.68695068,50.913392019591306,6.387828105256084,130.0416074330978,50.91339203683997,6.387824563513243,130.09766666666667,-1.724866649510659e-08,3.5417428403405893e-06,-0.0560592335688738
BA42,2023-06-12T14:34:19Z,219342,45.6703723209676,-68.45688389174705,42792,62976,solar_tower_juelich_upper,50.91495876913854,6.388213099974707,88.68695068,50.91339201967382,6.387827803445812,129.93060892343468,50.91339203683997,6.387824563513243,130.09766666666667,-1.716615116720277e-08,3.239932568455117e-06,-0.167057743231993
BA42,2023-06-12T14:56:28Z,219507,42.36991526507896,-73.84585074892212,42772,64623,solar_tower_juelich_upper,50.91495876913854,6.388213099974707,88.68695068,50.91339201785663,6.387828641706336,129.8536159685445,50.91339203683997,6.387824563513243,130.09766666666667,-1.8983342897627157e-08,4.078193092560412e-06,-0.2440506981221801
BA42,2023-06-19T11:40:02Z,224056,62.50453646171964,-2.106805231838687,43796,48494,solar_tower_juelich_lower,50.91495876913854,6.388213099974707,88.68695068,50.91339199873836,6.387834368343791,123.43572489521128,50.91339203683997,6.387824563513243,122.8815,-3.810161786077515e-08,9.80483054746628e-06,0.5542248952112772
BA42,2023-06-19T13:22:23Z,224273,55.66581106181968,-46.83251056899809,43648,57342,solar_tower_juelich_lower,50.91495876913854,6.388213099974707,88.68695068,50.9133920023193,6.387833186317687,123.34993231766784,50.91339203683997,6.387824563513243,122.8815,-3.45206743190829e-08,8.622804443803034e-06,0.4684323176678333
BA42,2023-06-19T13:45:23Z,224339,52.8630128003094,-54.48938903661487,43637,59214,solar_tower_juelich_lower,50.91495876913854,6.388213099974707,88.68695068,50.913392016092885,6.387828431927359,123.2456151570566,50.91339203683997,6.387824563513243,122.8815,-2.0747087603467665e-08,3.868414115260066e-06,0.3641151570566023
BA42,2023-06-19T14:03:18Z,224424,50.49079744181925,-59.901105993692106,43634,60637,solar_tower_juelich_lower,50.91495876913854,6.388213099974707,88.68695068,50.91339200350045,6.387832918659707,123.21310026819316,50.91339203683997,6.387824563513243,122.8815,-3.333952491857417e-08,8.355146463578933e-06,0.3316002681931564
BA42,2023-12-18T09:39:25Z,260290,11.819572929198484,25.98398721001094,61520,38617,solar_tower_juelich_lower,50.91495876913854,6.388213099974707,88.68695068,50.913392013330245,6.387828956931118,123.59830196345936,50.91339203683997,6.387824563513243,122.8815,-2.3509727498094435e-08,4.393417874837269e-06,0.7168019634593605
BA42,2023-12-18T10:50:35Z,260412,15.228148693937952,9.577472865285548,60723,44701,solar_tower_juelich_lower,50.91495876913854,6.388213099974707,88.68695068,50.91339201696327,6.387828113992706,123.2534380379652,50.91339203683997,6.387824563513243,122.8815,-1.9876701173870973e-08,3.550479462433032e-06,0.3719380379651937
BA42,2024-01-09T14:12:34Z,260982,9.83414476380704,-35.172203279493864,61787,59671,solar_tower_juelich_lower,50.91495876913854,6.388213099974707,88.68695068,50.91339200621388,6.387832878917234,122.38156015759724,50.91339203683997,6.387824563513243,122.8815,-3.062609721382614e-08,8.315403990266645e-06,-0.4999398424027674
BA42,2024-03-08T12:28:19Z,267304,33.759204728790614,-12.992918908751427,54219,51898,solar_tower_juelich_lower,50.91495876913854,6.388213099974707,88.68695068,50.91339202324931,6.387825805258828,123.31417264969804,50.91339203683997,6.387824563513243,122.8815,-1.3590664593721158e-08,1.2417455845792349e-06,0.4326726496980342
BA42,2024-03-08T12:44:26Z,267401,33.090826180370534,-17.737818004129277,54288,53289,solar_tower_juelich_lower,50.91495876913854,6.388213099974707,88.68695068,50.91339201986553,6.38782707015201,123.26642605736124,50.91339203683997,6.387824563513243,122.8815,-1.6974439631667337e-08,2.506638766774927e-06,0.3849260573612412
BA42,2024-03-08T14:06:50Z,267577,26.802880463849995,-40.35099205719381,54307,60006,solar_tower_juelich_upper,50.91495876913854,6.388213099974707,88.68695068,50.9133920421578,6.3878149104984265,129.6825667590118,50.91339203683997,6.387824563513243,130.09766666666667,5.3178297321210274e-09,-9.6530148168128e-06,-0.4150999076548771
BA42,2024-03-14T10:45:53Z,268131,35.45593665536436,17.768955139613915,52834,42625,solar_tower_juelich_upper,50.91495876913854,6.388213099974707,88.68695068,50.913392023697206,6.387825394504338,129.85670793329984,50.91339203683997,6.387824563513243,130.09766666666667,-1.314276687480742e-08,8.309910946024957e-07,-0.2409587333668241
BA42,2024-03-14T11:09:34Z,268213,36.37529745093954,10.55156053236574,52693,44853,solar_tower_juelich_upper,50.91495876913854,6.388213099974707,88.68695068,50.91339202163585,6.387826713601851,129.93538855528467,50.91339203683997,6.387824563513243,130.09766666666667,-1.5204122405521048e-08,2.1500886075997983e-06,-0.162278111381994
BA42,2024-03-14T11:30:20Z,268299,36.79855000540967,4.111740655067867,52614,46786,solar_tower_juelich_upper,50.91495876913854,6.388213099974707,88.68695068,50.91339202315252,6.387825886794087,129.9467764491091,50.91339203683997,6.387824563513243,130.09766666666667,-1.36874547251864e-08,1.3232808440122312e-06,-0.1508902175575599
BA42,2024-03-14T11:51:25Z,268375,36.8518693474162,-2.473467594869687,52575,48711,solar_tower_juelich_upper,50.91495876913854,6.388213099974707,88.68695068,50.91339202259695,6.387826253762202,129.97241500511203,50.91339203683997,6.387824563513243,130.09766666666667,-1.4243028090277221e-08,1.690248958574614e-06,-0.1252516615546426
BA42,2024-03-14T13:32:56Z,268829,32.01178893741574,-32.78802295331481,53814,57567,solar_tower_juelich_lower,50.91495876913854,6.388213099974707,88.68695068,50.91339202505544,6.387825535063866,123.0564551493973,50.91339203683997,6.387824563513243,122.8815,-1.1784528908265202e-08,9.71550623063422e-07,0.1749551493972916
BA42,2024-03-14T14:29:19Z,269222,26.298137197433157,-47.54742743473128,54628,62049,solar_tower_juelich_lower,50.91495876913854,6.388213099974707,88.68695068,50.9133920165508,6.387828875105943,122.77415964764955,50.91339203683997,6.387824563513243,122.8815,-2.0289171231979708e-08,4.311592699757227e-06,-0.1073403523504481
BA42,2024-03-25T11:23:15Z,269566,41.07792514827413,5.643202496169023,51057,46415,solar_tower_juelich_upper,50.91495876913854,6.388213099974707,88.68695068,50.91339202147006,6.387826902573329,129.9790348212362,50.91339203683997,6.387824563513243,130.09766666666667,-1.5369913342055952e-08,2.3390600860651034e-06,-0.1186318454304569
BA42,2024-03-25T11:38:06Z,269616,41.21183598124436,0.7195272098847499,51020,47793,solar_tower_juelich_upper,50.91495876913854,6.388213099974707,88.68695068,50.91339202189554,6.387826704898052,129.99817696685412,50.91339203683997,6.387824563513243,130.09766666666667,-1.4944433246455446e-08,2.1413848090290344e-06,-0.0994896998125511
BA42,2024-03-25T11:53:30Z,269671,41.13828410075537,-4.39129456013883,51000,49203,solar_tower_juelich_upper,50.91495876913854,6.388213099974707,88.68695068,50.91339202091694,6.387827298695076,130.01679101118646,50.91339203683997,6.387824563513243,130.09766666666667,-1.5923035334708402e-08,2.7351818321363908e-06,-0.080875655480213
BA42,2024-03-25T12:06:55Z,269741,40.89868324231141,-8.822568426089216,50999,50416,solar_tower_juelich_upper,50.91495876913854,6.388213099974707,88.68695068,50.91339202129748,6.387827009912425,129.98361466139488,50.91339203683997,6.387824563513243,130.09766666666667,-1.5542489961717365e-08,2.44639918189904e-06,-0.1140520052717875
BA42,2024-03-25T12:21:25Z,269802,40.459065978000325,-13.564148152136593,51015,51711,solar_tower_juelich_upper,50.91495876913854,6.388213099974707,88.68695068,50.91339202207503,6.38782655306998,129.9749801864361,50.91339203683997,6.387824563513243,130.09766666666667,-1.4764943045975087e-08,1.9895567362482325e-06,-0.1226864802305556
BA42,2024-03-25T12:37:21Z,269867,39.76594598005801,-18.68983426960646,51052,53114,solar_tower_juelich_upper,50.91495876913854,6.388213099974707,88.68695068,50.91339202184202,6.38782656421629,129.91984804623303,50.91339203683997,6.387824563513243,130.09766666666667,-1.4997951325312897e-08,2.0007030467894538e-06,-0.1778186204336407
BA42,2024-03-25T12:54:24Z,269944,38.79156441050832,-24.04710350996891,51118,54592,solar_tower_juelich_upper,50.91495876913854,6.388213099974707,88.68695068,50.91339204477616,6.387813635181548,129.8398838490284,50.91339203683997,6.387824563513243,130.09766666666667,7.936186818824353e-09,-1.092833169558105e-05,-0.2577828176382581
BA42,2024-03-25T13:10:35Z,270024,37.65739072755171,-28.98709764887951,51204,55970,solar_tower_juelich_upper,50.91495876913854,6.388213099974707,88.68695068,50.91339204486323,6.38781357999832,129.83334755868913,50.91339203683997,6.387824563513243,130.09766666666667,8.023256725664396e-09,-1.098351492334615e-05,-0.264319107977542
BA42,2024-03-25T13:29:18Z,270124,36.11067542198279,-34.50434150894373,51335,57535,solar_tower_juelich_upper,50.91495876913854,6.388213099974707,88.68695068,50.91339204495582,6.387813473871189,129.78003743548902,50.91339203683997,6.387824563513243,130.09766666666667,8.115847549561295e-09,-1.1089642054429303e-05,-0.3176292311776478
BA42,2024-03-28T10:47:08Z,270680,41.124316859797744,17.417871029929195,50788,43083,solar_tower_juelich_upper,50.91495876913854,6.388213099974707,88.68695068,50.91339202319107,6.387825724433743,129.8797293984203,50.91339203683997,6.387824563513243,130.09766666666667,-1.3648900676344056e-08,1.160920499287954e-06,-0.2179372682463736
BA42,2024-04-29T10:28:44Z,272443,51.61906176269959,25.012195688570444,46511,42120,solar_tower_juelich_upper,50.91495876913854,6.388213099974707,88.68695068,50.91339202638896,6.38782491209661,130.362108311447,50.91339203683997,6.387824563513243,130.09766666666667,-1.0451017828927434e-08,3.485833666161398e-07,0.2644416447803337
BA42,2024-04-29T10:45:41Z,272535,52.61366846354257,18.53525665613308,46478,43686,solar_tower_juelich_upper,50.91495876913854,6.388213099974707,88.68695068,50.91339201484835,6.387830927978075,130.09483198155485,50.91339203683997,6.387824563513243,130.09766666666667,-2.199162452143355e-08,6.364464831598582e-06,-0.0028346851118215
BA42,2024-06-07T07:37:50Z,276122,36.97249755827769,80.98418922841766,44107,25022,solar_tower_juelich_upper,50.91495876913854,6.388213099974707,88.68695068,50.91339202064341,6.387826017204585,129.34461193421583,50.91339203683997,6.387824563513243,130.09766666666667,-1.619656586626661e-08,1.453691341524177e-06,-0.7530547324508348
BA42,2024-06-07T07:47:11Z,276153,38.42287341858066,78.97249856276348,44050,25995,solar_tower_juelich_upper,50.91495876913854,6.388213099974707,88.68695068,50.913392019548525,6.387826747082312,129.41468150717228,50.91339203683997,6.387824563513243,130.09766666666667,-1.7291448273226706e-08,2.1835690686700104e-06,-0.6829851594943932
BA42,2024-06-07T07:56:08Z,276183,39.801894630267945,76.99789338786233,43998,26917,solar_tower_juelich_upper,50.91495876913854,6.388213099974707,88.68695068,50.91339201869855,6.387827284723163,129.45281943839186,50.91339203683997,6.387824563513243,130.09766666666667,-1.814142081002501e-08,2.7212099196205486e-06,-0.6448472282748128
BA42,2022-01-06T12:50:41Z,59084,15.061922526823937,-16.814609902930087,60645,53896,solar_tower_juelich_lower,50.91495876913854,6.388213099974707,88.68695068,50.91339204612184,6.387818250753575,122.99970057585412,50.91339203683997,6.387824563513243,122.8815,9.281869495225692e-09,-6.312759668780643e-06,0.118200575854118
BA42,2022-01-06T13:08:40Z,59161,14.149009611473812,-20.999754691869494,60831,55228,solar_tower_juelich_lower,50.91495876913854,6.388213099974707,88.68695068,50.91339201733504,6.387828325927633,122.99095938667666,50.91339203683997,6.387824563513243,122.8815,-1.950493100366657e-08,3.7624143898185034e-06,0.1094593866766615
BA42,2022-01-06T13:31:57Z,59313,12.685845940669484,-26.31612912000398,61155,57000,solar_tower_juelich_lower,50.91495876913854,6.388213099974707,88.68695068,50.91339202806935,6.38782469290786,122.90942165817232,50.91339203683997,6.387824563513243,122.8815,-8.770619785991585e-09,1.2939461679906117e-07,0.0279216581723176
BA42,2022-01-06T13:56:55Z,59426,10.786854816405686,-31.871443132334456,61601,58831,solar_tower_juelich_lower,50.91495876913854,6.388213099974707,88.68695068,50.9133920359934,6.387822125553492,122.7863185059228,50.91339203683997,6.387824563513243,122.8815,-8.465761425213714e-10,-2.437959751411256e-06,-0.0951814940772095
BA42,2022-01-13T13:27:55Z,61211,14.13541106829448,-25.066014382530525,59952,56495,solar_tower_juelich_upper,50.91495876913854,6.388213099974707,88.68695068,50.913392017816285,6.387828812630912,129.91684835520576,50.91339203683997,6.387824563513243,130.09766666666667,-1.902368751416361e-08,4.249117668386759e-06,-0.1808183114609107
BA42,2022-01-13T14:06:34Z,61433,11.16662191548424,-33.75309557745461,60591,59332,solar_tower_juelich_upper,50.91495876913854,6.388213099974707,88.68695068,50.913392023257344,6.387825760639697,129.9147614019558,50.91339203683997,6.387824563513243,130.09766666666667,-1.3582628355379713e-08,1.197126453966746e-06,-0.1829052647108824
BA42,2022-01-18T13:46:13Z,62037,13.84894164839212,-29.160442846100214,59872,57789,solar_tower_juelich_upper,50.91495876913854,6.388213099974707,88.68695068,50.91339201751442,6.387829029483549,129.93691795508457,50.91339203683997,6.387824563513243,130.09766666666667,-1.9325554490023933e-08,4.4659703055671685e-06,-0.1607487115821015
BA42,2022-01-28T09:24:24Z,63381,14.209824668948064,34.91042331403863,59604,35599,solar_tower_juelich_upper,50.91495876913854,6.388213099974707,88.68695068,50.91339204301116,6.387815840794922,130.8343283484892,50.91339203683997,6.387824563513243,130.09766666666667,6.171184452341549e-09,-8.72271832097482e-06,0.7366616818225395
BA42,2022-01-28T13:33:57Z,63781,17.16681726910328,-26.4900168973457,58847,56809,solar_tower_juelich_upper,50.91495876913854,6.388213099974707,88.68695068,50.9133920178116,6.387828501375298,129.78233447159857,50.91339203683997,6.387824563513243,130.09766666666667,-1.902836999079227e-08,3.937862054215202e-06,-0.3153321950680947
BA42,2022-01-28T13:41:47Z,63827,16.601583059485538,-28.34188606374301,58950,57409,solar_tower_juelich_upper,50.91495876913854,6.388213099974707,88.68695068,50.913392019024656,6.38782800992635,129.86192077584045,50.91339203683997,6.387824563513243,130.09766666666667,-1.7815317221447913e-08,3.4464131069000814e-06,-0.2357458908262231
BA42,2022-02-11T10:45:06Z,65008,23.69703766903853,16.8603244960941,57083,42472,solar_tower_juelich_upper,50.91495876913854,6.388213099974707,88.68695068,50.91339201874074,6.387828445432931,129.98152799760618,50.91339203683997,6.387824563513243,130.09766666666667,-1.8099228782375576e-08,3.881919687920288e-06,-0.1161386690604899
BA42,2022-02-11T14:08:05Z,65541,18.4456178913718,-35.77988715804641,57862,59545,solar_tower_juelich_upper,50.91495876913854,6.388213099974707,88.68695068,50.91339201757002,6.38782848205046,129.71590886162392,50.91339203683997,6.387824563513243,130.09766666666667,-1.9269954520950705e-08,3.918537216485163e-06,-0.3817578050427528
BA42,2022-02-12T13:00:41Z,66244,23.639133207762814,-19.144784167893064,56881,54244,solar_tower_juelich_upper,50.91495876913854,6.388213099974707,88.68695068,50.91339201951831,6.387828081144727,130.01342603635473,50.91339203683997,6.387824563513243,130.09766666666667,-1.7321667655778583e-08,3.517631483873629e-06,-0.0842406303119389
BA42,2022-02-12T15:14:38Z,66852,11.586123166428342,-50.93344795549476,59283,64358,solar_tower_juelich_upper,50.91495876913854,6.388213099974707,88.68695068,50.913392017119726,6.38782861993306,129.66814219766445,50.91339203683997,6.387824563513243,130.09766666666667,-1.9720246768883957e-08,4.056419816933499e-06,-0.4295244690022173
BA42,2022-02-23T08:46:38Z,67172,17.819591919190685,47.34032257370148,57602,31147,solar_tower_juelich_upper,50.91495876913854,6.388213099974707,88.68695068,50.9133920171244,6.387827713313008,129.2602619596953,50.91339203683997,6.387824563513243,130.09766666666667,-1.971557139768265e-08,3.1497997650120624e-06,-0.8374047069713697
BA42,2022-02-25T10:21:14Z,68141,27.25036408593108,24.088595421646723,55519,40203,solar_tower_juelich_upper,50.91495876913854,6.388213099974707,88.68695068,50.91339202499065,6.387825886894444,130.43518801142426,50.91339203683997,6.387824563513243,130.09766666666667,-1.1849323300339163e-08,1.32338120106823e-06,0.3375213447575902
BA42,2022-02-27T11:47:30Z,68780,30.862548148730312,-0.1072757552684051,54763,48172,solar_tower_juelich_upper,50.91495876913854,6.388213099974707,88.68695068,50.91339202204124,6.3878271925915735,130.25297290673814,50.91339203683997,6.387824563513243,130.09766666666667,-1.4798736458487838e-08,2.6290783301519127e-06,0.1553062400714679
BA42,2022-02-27T13:17:07Z,69385,27.768693091393867,-25.33527243857132,55133,55883,solar_tower_juelich_upper,50.91495876913854,6.388213099974707,88.68695068,50.91339201670098,6.387829478480799,129.93384612396846,50.91339203683997,6.387824563513243,130.09766666666667,-2.0138990919349453e-08,4.914967555613714e-06,-0.163820542698204
BA42,2022-02-27T15:15:43Z,70224,15.853540467956789,-54.317633526777925,57254,64959,solar_tower_juelich_upper,50.91495876913854,6.388213099974707,88.68695068,50.91339202153373,6.387825520162626,129.3335193810205,50.91339203683997,6.387824563513243,130.09766666666667,-1.5306248712931847e-08,9.566493828216949e-07,-0.7641472856461746
BA42,2022-02-28T11:31:32Z,70899,31.141316790563295,4.460284681134648,54668,46740,solar_tower_juelich_upper,50.91495876913854,6.388213099974707,88.68695068,50.91339201933772,6.387828495673565,130.1462297151646,50.91339203683997,6.387824563513243,130.09766666666667,-1.7502252092072013e-08,3.932160321795664e-06,0.0485630484979253
BA42,2022-02-28T13:01:05Z,71520,29.114514204488568,-21.122564847047645,54861,54569,solar_tower_juelich_upper,50.91495876913854,6.388213099974707,88.68695068,50.91339201796542,6.387828545494758,129.83830217818553,50.91339203683997,6.387824563513243,130.09766666666667,-1.8874551699354924e-08,3.981981514300514e-06,-0.2593644884811397
BA42,2022-02-28T14:56:52Z,72294,18.49674100971812,-50.33640281154127,56590,63648,solar_tower_juelich_upper,50.91495876913854,6.388213099974707,88.68695068,50.913392020079904,6.387826593656996,129.47814689992836,50.91339203683997,6.387824563513243,130.09766666666667,-1.6760068888288515e-08,2.0301437526626387e-06,-0.619519766738307
BA42,2022-03-02T09:58:40Z,73276,27.4855990182224,30.47971208032768,55187,38063,solar_tower_juelich_upper,50.91495876913854,6.388213099974707,88.68695068,50.91339201810674,6.387828296867499,129.7643867079782,50.91339203683997,6.387824563513243,130.09766666666667,-1.87332318546396e-08,3.733354255963661e-06,-0.3332799586884789
BA42,2022-03-02T14:17:03Z,74112,23.6145627820439,-41.38008741323152,55467,60739,solar_tower_juelich_upper,50.91495876913854,6.388213099974707,88.68695068,50.91339201800835,6.3878280266716905,129.6208955936392,50.91339203683997,6.387824563513243,130.09766666666667,-1.88316207072603e-08,3.463158447125636e-06,-0.4767710730274643
BA42,2022-03-18T10:51:57Z,82660,37.132323699224656,15.929147522670949,52341,43404,solar_tower_juelich_upper,50.91495876913854,6.388213099974707,88.68695068,50.91339201696014,6.387829403566501,129.96302325475278,50.91339203683997,6.387824563513243,130.09766666666667,-1.9879834667335672e-08,4.840053257737509e-06,-0.1346434119138848
BA42,2022-03-21T08:45:40Z,83033,27.24878028226592,51.36252122459638,53505,30991,solar_tower_juelich_upper,50.91495876913854,6.388213099974707,88.68695068,50.913392017939735,6.387827640007195,129.428241602,50.91339203683997,6.387824563513243,130.09766666666667,-1.890023781925265e-08,3.076493952036685e-06,-0.6694250646666546
BA42,2022-03-21T09:57:55Z,83182,34.849534965326065,32.189140807645806,52343,38257,solar_tower_juelich_upper,50.91495876913854,6.388213099974707,88.68695068,50.91339203817522,6.387817467819382,129.95787345188535,50.91339203683997,6.387824563513243,130.09766666666667,1.3352448036130227e-09,-7.095693860925678e-06,-0.1397932147813207
BA42,2022-03-21T13:05:43Z,83454,36.41227332073758,-26.469486231427773,51892,55673,solar_tower_juelich_upper,50.91495876913854,6.388213099974707,88.68695068,50.913392041803085,6.38781515532044,129.7260262962845,50.91339203683997,6.387824563513243,130.09766666666667,4.963112587574869e-09,-9.408192803483928e-06,-0.3716403703821811
BA42,2022-03-21T15:44:57Z,83712,18.25923671053372,-66.83101576927403,54464,67960,solar_tower_juelich_upper,50.91495876913854,6.388213099974707,88.68695068,50.91339203495485,6.387817792710696,128.9051256844242,50.91339203683997,6.387824563513243,130.09766666666667,-1.885119615963049e-09,-6.770802547073629e-06,-1.1925409822424626
BA42,2022-03-24T08:08:41Z,86843,23.541913019845204,60.56077073740495,53622,27322,solar_tower_juelich_upper,50.91495876913854,6.388213099974707,88.68695068,50.9133920410092,6.3878171411467815,130.8907859085358,50.91339203683997,6.387824563513243,130.09766666666667,4.169230294337467e-09,-7.422366461895535e-06,0.7931192418691353
BA42,2022-03-24T15:05:35Z,87875,24.61466117980459,-58.97928212419831,52934,65179,solar_tower_juelich_upper,50.91495876913854,6.388213099974707,88.68695068,50.91339201818179,6.387828239492576,129.7574213627739,50.91339203683997,6.387824563513243,130.09766666666667,-1.8658184330888616e-08,3.675979332484758e-06,-0.3402453038927717
BA42,2022-03-25T10:53:20Z,89022,40.0005013977509,15.434828747992054,51292,43708,solar_tower_juelich_upper,50.91495876913854,6.388213099974707,88.68695068,50.91339202360071,6.387826068140158,130.1501787186649,50.91339203683997,6.387824563513243,130.09766666666667,-1.3239265683751e-08,1.5046269146168356e-06,0.0525120519982351
BA42,2022-03-25T15:56:41Z,90350,17.639783367864624,-70.55543882784517,54022,68829,solar_tower_juelich_upper,50.91495876913854,6.388213099974707,88.68695068,50.91339201685811,6.387828404484496,129.51040432441434,50.91339203683997,6.387824563513243,130.09766666666667,-1.9981861498763465e-08,3.84097125216698e-06,-0.5872623422523304
BA42,2022-03-27T15:29:29Z,91785,22.144061417543835,-65.30554486704764,52909,67009,solar_tower_juelich_upper,50.91495876913854,6.388213099974707,88.68695068,50.91339201878972,6.3878279458614085,129.77616464736047,50.91339203683997,6.387824563513243,130.09766666666667,-1.805025817702699e-08,3.3823481651040765e-06,-0.3215020193061946
BA42,2022-04-14T08:26:40Z,95191,33.4841721534816,59.90058421783522,49878,29514,solar_tower_juelich_upper,50.91495876913854,6.388213099974707,88.68695068,50.913392013877605,6.387830316661834,129.63485251259976,50.91339203683997,6.387824563513243,130.09766666666667,-2.2962368007029e-08,5.75314859041498e-06,-0.4628141540669048
BA42,2022-04-18T09:55:47Z,95830,45.24669244017383,35.345582031241754,48256,38708,solar_tower_juelich_upper,50.91495876913854,6.388213099974707,88.68695068,50.91339201802636,6.387829455965437,130.23173668779108,50.91339203683997,6.387824563513243,130.09766666666667,-1.8813615554336135e-08,4.892452193594465e-06,0.1340700211244154
BA42,2022-04-27T13:30:49Z,99334,45.955051686199255,-43.71659858988168,46686,58509,solar_tower_juelich_upper,50.91495876913854,6.388213099974707,88.68695068,50.91339201759016,6.387830333605266,130.47612108755163,50.91339203683997,6.387824563513243,130.09766666666667,-1.9249817739819264e-08,5.7700920228498376e-06,0.3784544208849638
